"BaseID","FullID","Composite_var","Composite_var_trimmed","Aggr_string_1","Aggr_string_2","Variables.Id","Variables.Label","Variables.Description","Variables.unit.Name","Variables.unit.Description","Variables.dataType.Name","rSUB","rDW","rSTD","rRES","rFB","DIA","GIA","RF","DI","Proc_info"
"14567","14567_5","TotC_14567_5","TotC",NA,NA,3005,"TotC","Total carbon concentration","none","none","double","no","no","no","no","no","no","no","no","no","rSUB= no, rDW= no, rSTD= no, rRES= no, rFB= no, DIA= no, GIA= no, RF= no, DI= no"
"14567","14567_5","TotN_14567_5","TotN",NA,NA,3006,"TotN","Total nitrogen concentration","none","none","double","no","no","no","no","no","no","no","no","no","rSUB= no, rDW= no, rSTD= no, rRES= no, rFB= no, DIA= no, GIA= no, RF= no, DI= no"
"14567","14567_5","CN_14567_5","CN",NA,NA,3007,"CN","Carbon/nitrogen ratio","percentage","none","double","no","no","no","no","no","no","no","no","no","rSUB= no, rDW= no, rSTD= no, rRES= no, rFB= no, DIA= no, GIA= no, RF= no, DI= no"
"18269","18269_2","Genus1_18269_2","Genus1",NA,NA,NA,NA,NA,NA,NA,NA,"no","no","no","yes","yes","no","no","no","no","rSUB= no, rDW= no, rSTD= no, rRES= yes, rFB= yes, DIA= no, GIA= no, RF= no, DI= no"
"18269","18269_2","Genus2_18269_2","Genus2",NA,NA,NA,NA,NA,NA,NA,NA,"no","no","no","yes","yes","no","no","no","no","rSUB= no, rDW= no, rSTD= no, rRES= yes, rFB= yes, DIA= no, GIA= no, RF= no, DI= no"
"18269","18269_2","Genus3_18269_2","Genus3",NA,NA,NA,NA,NA,NA,NA,NA,"no","no","no","yes","yes","no","no","no","no","rSUB= no, rDW= no, rSTD= no, rRES= yes, rFB= yes, DIA= no, GIA= no, RF= no, DI= no"
"18526","18526_2","nspec_18526_2","nspec",NA,NA,3013,"nspec","Number of fungal species observed","none","none","integer","no","no","yes","no","no","no","no","no","no","rSUB= no, rDW= no, rSTD= yes, rRES= no, rFB= no, DIA= no, GIA= no, RF= no, DI= no"
"14447","14447_8","mean_14447_8","mean",NA,NA,NA,NA,NA,NA,NA,NA,"no","no","no","no","no","yes","no","no","no","rSUB= no, rDW= no, rSTD= no, rRES= no, rFB= no, DIA= yes, GIA= no, RF= no, DI= no"
"14447","14447_8","median_14447_8","median",NA,NA,NA,NA,NA,NA,NA,NA,"no","no","no","no","no","yes","no","no","no","rSUB= no, rDW= no, rSTD= no, rRES= no, rFB= no, DIA= yes, GIA= no, RF= no, DI= no"
"14447","14447_8","sd_14447_8","sd",NA,NA,NA,NA,NA,NA,NA,NA,"no","no","no","no","no","yes","no","no","no","rSUB= no, rDW= no, rSTD= no, rRES= no, rFB= no, DIA= yes, GIA= no, RF= no, DI= no"
"14447","14447_8","mad_14447_8","mad",NA,NA,NA,NA,NA,NA,NA,NA,"no","no","no","no","no","yes","no","no","no","rSUB= no, rDW= no, rSTD= no, rRES= no, rFB= no, DIA= yes, GIA= no, RF= no, DI= no"
"19850","19850_1","spec1_mean_19850_1","spec1","mean",NA,3038,"spec1","Abundance species 1","none","none","integer","no","no","no","no","no","no","yes","no","no","rSUB= no, rDW= no, rSTD= no, rRES= no, rFB= no, DIA= no, GIA= yes, RF= no, DI= no"
"19850","19850_1","spec2_mean_19850_1","spec2","mean",NA,3039,"spec2","Abundance species 2","none","none","integer","no","no","no","no","no","no","yes","no","no","rSUB= no, rDW= no, rSTD= no, rRES= no, rFB= no, DIA= no, GIA= yes, RF= no, DI= no"
"19850","19850_1","spec3_mean_19850_1","spec3","mean",NA,3040,"spec3","Abundance species 3","none","none","integer","no","no","no","no","no","no","yes","no","no","rSUB= no, rDW= no, rSTD= no, rRES= no, rFB= no, DIA= no, GIA= yes, RF= no, DI= no"
"19850","19850_1","spec4_mean_19850_1","spec4","mean",NA,3041,"spec4","Abundance species 4","none","none","integer","no","no","no","no","no","no","yes","no","no","rSUB= no, rDW= no, rSTD= no, rRES= no, rFB= no, DIA= no, GIA= yes, RF= no, DI= no"
"19850","19850_1","spec5_mean_19850_1","spec5","mean",NA,3042,"spec5","Abundance species 5","none","none","integer","no","no","no","no","no","no","yes","no","no","rSUB= no, rDW= no, rSTD= no, rRES= no, rFB= no, DIA= no, GIA= yes, RF= no, DI= no"
"19850","19850_1","spec6_mean_19850_1","spec6","mean",NA,3043,"spec6","Abundance species 6","none","none","integer","no","no","no","no","no","no","yes","no","no","rSUB= no, rDW= no, rSTD= no, rRES= no, rFB= no, DIA= no, GIA= yes, RF= no, DI= no"
"19850","19850_1","spec7_mean_19850_1","spec7","mean",NA,3044,"spec7","Abundance species 7","none","none","integer","no","no","no","no","no","no","yes","no","no","rSUB= no, rDW= no, rSTD= no, rRES= no, rFB= no, DIA= no, GIA= yes, RF= no, DI= no"
"19850","19850_1","spec8_mean_19850_1","spec8","mean",NA,3045,"spec8","Abundance species 8","none","none","integer","no","no","no","no","no","no","yes","no","no","rSUB= no, rDW= no, rSTD= no, rRES= no, rFB= no, DIA= no, GIA= yes, RF= no, DI= no"
"19850","19850_1","spec9_mean_19850_1","spec9","mean",NA,3046,"spec9","Abundance species 9","none","none","integer","no","no","no","no","no","no","yes","no","no","rSUB= no, rDW= no, rSTD= no, rRES= no, rFB= no, DIA= no, GIA= yes, RF= no, DI= no"
"19850","19850_1","spec10_mean_19850_1","spec10","mean",NA,3047,"spec10","Abundance species 10","none","none","integer","no","no","no","no","no","no","yes","no","no","rSUB= no, rDW= no, rSTD= no, rRES= no, rFB= no, DIA= no, GIA= yes, RF= no, DI= no"
"19850","19850_1","spec1_median_19850_1","spec1","median",NA,3038,"spec1","Abundance species 1","none","none","integer","no","no","no","no","no","no","yes","no","no","rSUB= no, rDW= no, rSTD= no, rRES= no, rFB= no, DIA= no, GIA= yes, RF= no, DI= no"
"19850","19850_1","spec2_median_19850_1","spec2","median",NA,3039,"spec2","Abundance species 2","none","none","integer","no","no","no","no","no","no","yes","no","no","rSUB= no, rDW= no, rSTD= no, rRES= no, rFB= no, DIA= no, GIA= yes, RF= no, DI= no"
"19850","19850_1","spec3_median_19850_1","spec3","median",NA,3040,"spec3","Abundance species 3","none","none","integer","no","no","no","no","no","no","yes","no","no","rSUB= no, rDW= no, rSTD= no, rRES= no, rFB= no, DIA= no, GIA= yes, RF= no, DI= no"
"19850","19850_1","spec4_median_19850_1","spec4","median",NA,3041,"spec4","Abundance species 4","none","none","integer","no","no","no","no","no","no","yes","no","no","rSUB= no, rDW= no, rSTD= no, rRES= no, rFB= no, DIA= no, GIA= yes, RF= no, DI= no"
"19850","19850_1","spec5_median_19850_1","spec5","median",NA,3042,"spec5","Abundance species 5","none","none","integer","no","no","no","no","no","no","yes","no","no","rSUB= no, rDW= no, rSTD= no, rRES= no, rFB= no, DIA= no, GIA= yes, RF= no, DI= no"
"19850","19850_1","spec6_median_19850_1","spec6","median",NA,3043,"spec6","Abundance species 6","none","none","integer","no","no","no","no","no","no","yes","no","no","rSUB= no, rDW= no, rSTD= no, rRES= no, rFB= no, DIA= no, GIA= yes, RF= no, DI= no"
"19850","19850_1","spec7_median_19850_1","spec7","median",NA,3044,"spec7","Abundance species 7","none","none","integer","no","no","no","no","no","no","yes","no","no","rSUB= no, rDW= no, rSTD= no, rRES= no, rFB= no, DIA= no, GIA= yes, RF= no, DI= no"
"19850","19850_1","spec8_median_19850_1","spec8","median",NA,3045,"spec8","Abundance species 8","none","none","integer","no","no","no","no","no","no","yes","no","no","rSUB= no, rDW= no, rSTD= no, rRES= no, rFB= no, DIA= no, GIA= yes, RF= no, DI= no"
"19850","19850_1","spec9_median_19850_1","spec9","median",NA,3046,"spec9","Abundance species 9","none","none","integer","no","no","no","no","no","no","yes","no","no","rSUB= no, rDW= no, rSTD= no, rRES= no, rFB= no, DIA= no, GIA= yes, RF= no, DI= no"
"19850","19850_1","spec10_median_19850_1","spec10","median",NA,3047,"spec10","Abundance species 10","none","none","integer","no","no","no","no","no","no","yes","no","no","rSUB= no, rDW= no, rSTD= no, rRES= no, rFB= no, DIA= no, GIA= yes, RF= no, DI= no"
"19850","19850_1","spec1_sd_19850_1","spec1","sd",NA,3038,"spec1","Abundance species 1","none","none","integer","no","no","no","no","no","no","yes","no","no","rSUB= no, rDW= no, rSTD= no, rRES= no, rFB= no, DIA= no, GIA= yes, RF= no, DI= no"
"19850","19850_1","spec2_sd_19850_1","spec2","sd",NA,3039,"spec2","Abundance species 2","none","none","integer","no","no","no","no","no","no","yes","no","no","rSUB= no, rDW= no, rSTD= no, rRES= no, rFB= no, DIA= no, GIA= yes, RF= no, DI= no"
"19850","19850_1","spec3_sd_19850_1","spec3","sd",NA,3040,"spec3","Abundance species 3","none","none","integer","no","no","no","no","no","no","yes","no","no","rSUB= no, rDW= no, rSTD= no, rRES= no, rFB= no, DIA= no, GIA= yes, RF= no, DI= no"
"19850","19850_1","spec4_sd_19850_1","spec4","sd",NA,3041,"spec4","Abundance species 4","none","none","integer","no","no","no","no","no","no","yes","no","no","rSUB= no, rDW= no, rSTD= no, rRES= no, rFB= no, DIA= no, GIA= yes, RF= no, DI= no"
"19850","19850_1","spec5_sd_19850_1","spec5","sd",NA,3042,"spec5","Abundance species 5","none","none","integer","no","no","no","no","no","no","yes","no","no","rSUB= no, rDW= no, rSTD= no, rRES= no, rFB= no, DIA= no, GIA= yes, RF= no, DI= no"
"19850","19850_1","spec6_sd_19850_1","spec6","sd",NA,3043,"spec6","Abundance species 6","none","none","integer","no","no","no","no","no","no","yes","no","no","rSUB= no, rDW= no, rSTD= no, rRES= no, rFB= no, DIA= no, GIA= yes, RF= no, DI= no"
"19850","19850_1","spec7_sd_19850_1","spec7","sd",NA,3044,"spec7","Abundance species 7","none","none","integer","no","no","no","no","no","no","yes","no","no","rSUB= no, rDW= no, rSTD= no, rRES= no, rFB= no, DIA= no, GIA= yes, RF= no, DI= no"
"19850","19850_1","spec8_sd_19850_1","spec8","sd",NA,3045,"spec8","Abundance species 8","none","none","integer","no","no","no","no","no","no","yes","no","no","rSUB= no, rDW= no, rSTD= no, rRES= no, rFB= no, DIA= no, GIA= yes, RF= no, DI= no"
"19850","19850_1","spec9_sd_19850_1","spec9","sd",NA,3046,"spec9","Abundance species 9","none","none","integer","no","no","no","no","no","no","yes","no","no","rSUB= no, rDW= no, rSTD= no, rRES= no, rFB= no, DIA= no, GIA= yes, RF= no, DI= no"
"19850","19850_1","spec10_sd_19850_1","spec10","sd",NA,3047,"spec10","Abundance species 10","none","none","integer","no","no","no","no","no","no","yes","no","no","rSUB= no, rDW= no, rSTD= no, rRES= no, rFB= no, DIA= no, GIA= yes, RF= no, DI= no"
"19850","19850_1","spec1_mad_19850_1","spec1","mad",NA,3038,"spec1","Abundance species 1","none","none","integer","no","no","no","no","no","no","yes","no","no","rSUB= no, rDW= no, rSTD= no, rRES= no, rFB= no, DIA= no, GIA= yes, RF= no, DI= no"
"19850","19850_1","spec2_mad_19850_1","spec2","mad",NA,3039,"spec2","Abundance species 2","none","none","integer","no","no","no","no","no","no","yes","no","no","rSUB= no, rDW= no, rSTD= no, rRES= no, rFB= no, DIA= no, GIA= yes, RF= no, DI= no"
"19850","19850_1","spec3_mad_19850_1","spec3","mad",NA,3040,"spec3","Abundance species 3","none","none","integer","no","no","no","no","no","no","yes","no","no","rSUB= no, rDW= no, rSTD= no, rRES= no, rFB= no, DIA= no, GIA= yes, RF= no, DI= no"
"19850","19850_1","spec4_mad_19850_1","spec4","mad",NA,3041,"spec4","Abundance species 4","none","none","integer","no","no","no","no","no","no","yes","no","no","rSUB= no, rDW= no, rSTD= no, rRES= no, rFB= no, DIA= no, GIA= yes, RF= no, DI= no"
"19850","19850_1","spec5_mad_19850_1","spec5","mad",NA,3042,"spec5","Abundance species 5","none","none","integer","no","no","no","no","no","no","yes","no","no","rSUB= no, rDW= no, rSTD= no, rRES= no, rFB= no, DIA= no, GIA= yes, RF= no, DI= no"
"19850","19850_1","spec6_mad_19850_1","spec6","mad",NA,3043,"spec6","Abundance species 6","none","none","integer","no","no","no","no","no","no","yes","no","no","rSUB= no, rDW= no, rSTD= no, rRES= no, rFB= no, DIA= no, GIA= yes, RF= no, DI= no"
"19850","19850_1","spec7_mad_19850_1","spec7","mad",NA,3044,"spec7","Abundance species 7","none","none","integer","no","no","no","no","no","no","yes","no","no","rSUB= no, rDW= no, rSTD= no, rRES= no, rFB= no, DIA= no, GIA= yes, RF= no, DI= no"
"19850","19850_1","spec8_mad_19850_1","spec8","mad",NA,3045,"spec8","Abundance species 8","none","none","integer","no","no","no","no","no","no","yes","no","no","rSUB= no, rDW= no, rSTD= no, rRES= no, rFB= no, DIA= no, GIA= yes, RF= no, DI= no"
"19850","19850_1","spec9_mad_19850_1","spec9","mad",NA,3046,"spec9","Abundance species 9","none","none","integer","no","no","no","no","no","no","yes","no","no","rSUB= no, rDW= no, rSTD= no, rRES= no, rFB= no, DIA= no, GIA= yes, RF= no, DI= no"
"19850","19850_1","spec10_mad_19850_1","spec10","mad",NA,3047,"spec10","Abundance species 10","none","none","integer","no","no","no","no","no","no","yes","no","no","rSUB= no, rDW= no, rSTD= no, rRES= no, rFB= no, DIA= no, GIA= yes, RF= no, DI= no"
"25067","25067_2","Richness_25067_2","Richness",NA,NA,NA,NA,NA,NA,NA,NA,"no","no","no","no","no","no","no","yes","yes","rSUB= no, rDW= no, rSTD= no, rRES= no, rFB= no, DIA= no, GIA= no, RF= yes, DI= yes"
"25067","25067_2","Menhinick_25067_2","Menhinick",NA,NA,NA,NA,NA,NA,NA,NA,"no","no","no","no","no","no","no","yes","yes","rSUB= no, rDW= no, rSTD= no, rRES= no, rFB= no, DIA= no, GIA= no, RF= yes, DI= yes"
"25067","25067_2","Margalef_25067_2","Margalef",NA,NA,NA,NA,NA,NA,NA,NA,"no","no","no","no","no","no","no","yes","yes","rSUB= no, rDW= no, rSTD= no, rRES= no, rFB= no, DIA= no, GIA= no, RF= yes, DI= yes"
"25067","25067_2","Shannon_25067_2","Shannon",NA,NA,NA,NA,NA,NA,NA,NA,"no","no","no","no","no","no","no","yes","yes","rSUB= no, rDW= no, rSTD= no, rRES= no, rFB= no, DIA= no, GIA= no, RF= yes, DI= yes"
"25067","25067_2","Simpson_25067_2","Simpson",NA,NA,NA,NA,NA,NA,NA,NA,"no","no","no","no","no","no","no","yes","yes","rSUB= no, rDW= no, rSTD= no, rRES= no, rFB= no, DIA= no, GIA= no, RF= yes, DI= yes"
"25067","25067_2","Simpson_inv_25067_2","Simpson_inv",NA,NA,NA,NA,NA,NA,NA,NA,"no","no","no","no","no","no","no","yes","yes","rSUB= no, rDW= no, rSTD= no, rRES= no, rFB= no, DIA= no, GIA= no, RF= yes, DI= yes"
"19007","19007_20240102","clim_var1_mean_19007_20240102","clim_var1","mean",NA,NA,"clim_var1","Climate variable 1","dummy unit",NA,NA,"no","no","no","no","no","no","no","no","no","rSUB= no, rDW= no, rSTD= no, rRES= no, rFB= no, DIA= no, GIA= no, RF= no, DI= no"
"19007","19007_20240102","clim_var2_mean_19007_20240102","clim_var2","mean",NA,NA,"clim_var2","Climate variable 2","dummy unit",NA,NA,"no","no","no","no","no","no","no","no","no","rSUB= no, rDW= no, rSTD= no, rRES= no, rFB= no, DIA= no, GIA= no, RF= no, DI= no"
"19007","19007_20240102","clim_var3_mean_19007_20240102","clim_var3","mean",NA,NA,"clim_var3","Climate variable 3","dummy unit",NA,NA,"no","no","no","no","no","no","no","no","no","rSUB= no, rDW= no, rSTD= no, rRES= no, rFB= no, DIA= no, GIA= no, RF= no, DI= no"
"19007","19007_20240102","clim_var4_mean_19007_20240102","clim_var4","mean",NA,NA,"clim_var4","Climate variable 4","dummy unit",NA,NA,"no","no","no","no","no","no","no","no","no","rSUB= no, rDW= no, rSTD= no, rRES= no, rFB= no, DIA= no, GIA= no, RF= no, DI= no"
"19007","19007_20240102","clim_var5_mean_19007_20240102","clim_var5","mean",NA,NA,"clim_var5","Climate variable 5","dummy unit",NA,NA,"no","no","no","no","no","no","no","no","no","rSUB= no, rDW= no, rSTD= no, rRES= no, rFB= no, DIA= no, GIA= no, RF= no, DI= no"
"19007","19007_20240102","clim_var6_mean_19007_20240102","clim_var6","mean",NA,NA,"clim_var6","Climate variable 6","dummy unit",NA,NA,"no","no","no","no","no","no","no","no","no","rSUB= no, rDW= no, rSTD= no, rRES= no, rFB= no, DIA= no, GIA= no, RF= no, DI= no"
"19007","19007_20240102","clim_var7_mean_19007_20240102","clim_var7","mean",NA,NA,"clim_var7","Climate variable 7","dummy unit",NA,NA,"no","no","no","no","no","no","no","no","no","rSUB= no, rDW= no, rSTD= no, rRES= no, rFB= no, DIA= no, GIA= no, RF= no, DI= no"
"19007","19007_20240102","clim_var8_mean_19007_20240102","clim_var8","mean",NA,NA,"clim_var8","Climate variable 8","dummy unit",NA,NA,"no","no","no","no","no","no","no","no","no","rSUB= no, rDW= no, rSTD= no, rRES= no, rFB= no, DIA= no, GIA= no, RF= no, DI= no"
"19007","19007_20240102","clim_var9_mean_19007_20240102","clim_var9","mean",NA,NA,"clim_var9","Climate variable 9","dummy unit",NA,NA,"no","no","no","no","no","no","no","no","no","rSUB= no, rDW= no, rSTD= no, rRES= no, rFB= no, DIA= no, GIA= no, RF= no, DI= no"
"19007","19007_20240102","clim_var10_mean_19007_20240102","clim_var10","mean",NA,NA,"clim_var10","Climate variable 10","dummy unit",NA,NA,"no","no","no","no","no","no","no","no","no","rSUB= no, rDW= no, rSTD= no, rRES= no, rFB= no, DIA= no, GIA= no, RF= no, DI= no"
"19007","19007_20240102","clim_var11_mean_19007_20240102","clim_var11","mean",NA,NA,"clim_var11","Climate variable 11","dummy unit",NA,NA,"no","no","no","no","no","no","no","no","no","rSUB= no, rDW= no, rSTD= no, rRES= no, rFB= no, DIA= no, GIA= no, RF= no, DI= no"
"19007","19007_20240102","clim_var12_mean_19007_20240102","clim_var12","mean",NA,NA,"clim_var12","Climate variable 12","dummy unit",NA,NA,"no","no","no","no","no","no","no","no","no","rSUB= no, rDW= no, rSTD= no, rRES= no, rFB= no, DIA= no, GIA= no, RF= no, DI= no"
"19007","19007_20240102","clim_var13_mean_19007_20240102","clim_var13","mean",NA,NA,"clim_var13","Climate variable 13","dummy unit",NA,NA,"no","no","no","no","no","no","no","no","no","rSUB= no, rDW= no, rSTD= no, rRES= no, rFB= no, DIA= no, GIA= no, RF= no, DI= no"
"19007","19007_20240102","clim_var14_mean_19007_20240102","clim_var14","mean",NA,NA,"clim_var14","Climate variable 14","dummy unit",NA,NA,"no","no","no","no","no","no","no","no","no","rSUB= no, rDW= no, rSTD= no, rRES= no, rFB= no, DIA= no, GIA= no, RF= no, DI= no"
"19007","19007_20240102","clim_var15_mean_19007_20240102","clim_var15","mean",NA,NA,"clim_var15","Climate variable 15","dummy unit",NA,NA,"no","no","no","no","no","no","no","no","no","rSUB= no, rDW= no, rSTD= no, rRES= no, rFB= no, DIA= no, GIA= no, RF= no, DI= no"
"19007","19007_20240102","clim_var16_mean_19007_20240102","clim_var16","mean",NA,NA,"clim_var16","Climate variable 16","dummy unit",NA,NA,"no","no","no","no","no","no","no","no","no","rSUB= no, rDW= no, rSTD= no, rRES= no, rFB= no, DIA= no, GIA= no, RF= no, DI= no"
"19007","19007_20240102","clim_var17_mean_19007_20240102","clim_var17","mean",NA,NA,"clim_var17","Climate variable 17","dummy unit",NA,NA,"no","no","no","no","no","no","no","no","no","rSUB= no, rDW= no, rSTD= no, rRES= no, rFB= no, DIA= no, GIA= no, RF= no, DI= no"
"19007","19007_20240102","clim_var18_mean_19007_20240102","clim_var18","mean",NA,NA,"clim_var18","Climate variable 18","dummy unit",NA,NA,"no","no","no","no","no","no","no","no","no","rSUB= no, rDW= no, rSTD= no, rRES= no, rFB= no, DIA= no, GIA= no, RF= no, DI= no"
"19007","19007_20240102","clim_var19_mean_19007_20240102","clim_var19","mean",NA,NA,"clim_var19","Climate variable 19","dummy unit",NA,NA,"no","no","no","no","no","no","no","no","no","rSUB= no, rDW= no, rSTD= no, rRES= no, rFB= no, DIA= no, GIA= no, RF= no, DI= no"
"19007","19007_20240102","clim_var20_mean_19007_20240102","clim_var20","mean",NA,NA,"clim_var20","Climate variable 20","dummy unit",NA,NA,"no","no","no","no","no","no","no","no","no","rSUB= no, rDW= no, rSTD= no, rRES= no, rFB= no, DIA= no, GIA= no, RF= no, DI= no"
"19007","19007_20240102","clim_var21_mean_19007_20240102","clim_var21","mean",NA,NA,"clim_var21","Climate variable 21","dummy unit",NA,NA,"no","no","no","no","no","no","no","no","no","rSUB= no, rDW= no, rSTD= no, rRES= no, rFB= no, DIA= no, GIA= no, RF= no, DI= no"
"19007","19007_20240102","clim_var22_mean_19007_20240102","clim_var22","mean",NA,NA,"clim_var22","Climate variable 22","dummy unit",NA,NA,"no","no","no","no","no","no","no","no","no","rSUB= no, rDW= no, rSTD= no, rRES= no, rFB= no, DIA= no, GIA= no, RF= no, DI= no"
"19007","19007_20240102","clim_var23_mean_19007_20240102","clim_var23","mean",NA,NA,"clim_var23","Climate variable 23","dummy unit",NA,NA,"no","no","no","no","no","no","no","no","no","rSUB= no, rDW= no, rSTD= no, rRES= no, rFB= no, DIA= no, GIA= no, RF= no, DI= no"
"19007","19007_20240102","clim_var24_mean_19007_20240102","clim_var24","mean",NA,NA,"clim_var24","Climate variable 24","dummy unit",NA,NA,"no","no","no","no","no","no","no","no","no","rSUB= no, rDW= no, rSTD= no, rRES= no, rFB= no, DIA= no, GIA= no, RF= no, DI= no"
"19007","19007_20240102","clim_var25_mean_19007_20240102","clim_var25","mean",NA,NA,"clim_var25","Climate variable 25","dummy unit",NA,NA,"no","no","no","no","no","no","no","no","no","rSUB= no, rDW= no, rSTD= no, rRES= no, rFB= no, DIA= no, GIA= no, RF= no, DI= no"
"19007","19007_20240102","clim_var26_mean_19007_20240102","clim_var26","mean",NA,NA,"clim_var26","Climate variable 26","dummy unit",NA,NA,"no","no","no","no","no","no","no","no","no","rSUB= no, rDW= no, rSTD= no, rRES= no, rFB= no, DIA= no, GIA= no, RF= no, DI= no"
"19007","19007_20240102","clim_var27_mean_19007_20240102","clim_var27","mean",NA,NA,"clim_var27","Climate variable 27","dummy unit",NA,NA,"no","no","no","no","no","no","no","no","no","rSUB= no, rDW= no, rSTD= no, rRES= no, rFB= no, DIA= no, GIA= no, RF= no, DI= no"
"19007","19007_20240102","clim_var28_mean_19007_20240102","clim_var28","mean",NA,NA,"clim_var28","Climate variable 28","dummy unit",NA,NA,"no","no","no","no","no","no","no","no","no","rSUB= no, rDW= no, rSTD= no, rRES= no, rFB= no, DIA= no, GIA= no, RF= no, DI= no"
"19007","19007_20240102","clim_var29_mean_19007_20240102","clim_var29","mean",NA,NA,"clim_var29","Climate variable 29","dummy unit",NA,NA,"no","no","no","no","no","no","no","no","no","rSUB= no, rDW= no, rSTD= no, rRES= no, rFB= no, DIA= no, GIA= no, RF= no, DI= no"
"19007","19007_20240102","clim_var30_mean_19007_20240102","clim_var30","mean",NA,NA,"clim_var30","Climate variable 30","dummy unit",NA,NA,"no","no","no","no","no","no","no","no","no","rSUB= no, rDW= no, rSTD= no, rRES= no, rFB= no, DIA= no, GIA= no, RF= no, DI= no"
"19007","19007_20240102","clim_var31_mean_19007_20240102","clim_var31","mean",NA,NA,"clim_var31","Climate variable 31","dummy unit",NA,NA,"no","no","no","no","no","no","no","no","no","rSUB= no, rDW= no, rSTD= no, rRES= no, rFB= no, DIA= no, GIA= no, RF= no, DI= no"
"19007","19007_20240102","clim_var32_mean_19007_20240102","clim_var32","mean",NA,NA,"clim_var32","Climate variable 32","dummy unit",NA,NA,"no","no","no","no","no","no","no","no","no","rSUB= no, rDW= no, rSTD= no, rRES= no, rFB= no, DIA= no, GIA= no, RF= no, DI= no"
"19007","19007_20240102","clim_var33_mean_19007_20240102","clim_var33","mean",NA,NA,"clim_var33","Climate variable 33","dummy unit",NA,NA,"no","no","no","no","no","no","no","no","no","rSUB= no, rDW= no, rSTD= no, rRES= no, rFB= no, DIA= no, GIA= no, RF= no, DI= no"
"19007","19007_20240102","clim_var34_mean_19007_20240102","clim_var34","mean",NA,NA,"clim_var34","Climate variable 34","dummy unit",NA,NA,"no","no","no","no","no","no","no","no","no","rSUB= no, rDW= no, rSTD= no, rRES= no, rFB= no, DIA= no, GIA= no, RF= no, DI= no"
"19007","19007_20240102","clim_var35_mean_19007_20240102","clim_var35","mean",NA,NA,"clim_var35","Climate variable 35","dummy unit",NA,NA,"no","no","no","no","no","no","no","no","no","rSUB= no, rDW= no, rSTD= no, rRES= no, rFB= no, DIA= no, GIA= no, RF= no, DI= no"
"19007","19007_20240102","clim_var36_mean_19007_20240102","clim_var36","mean",NA,NA,"clim_var36","Climate variable 36","dummy unit",NA,NA,"no","no","no","no","no","no","no","no","no","rSUB= no, rDW= no, rSTD= no, rRES= no, rFB= no, DIA= no, GIA= no, RF= no, DI= no"
"19007","19007_20240102","clim_var37_mean_19007_20240102","clim_var37","mean",NA,NA,"clim_var37","Climate variable 37","dummy unit",NA,NA,"no","no","no","no","no","no","no","no","no","rSUB= no, rDW= no, rSTD= no, rRES= no, rFB= no, DIA= no, GIA= no, RF= no, DI= no"
"19007","19007_20240102","clim_var38_mean_19007_20240102","clim_var38","mean",NA,NA,"clim_var38","Climate variable 38","dummy unit",NA,NA,"no","no","no","no","no","no","no","no","no","rSUB= no, rDW= no, rSTD= no, rRES= no, rFB= no, DIA= no, GIA= no, RF= no, DI= no"
"19007","19007_20240102","clim_var39_mean_19007_20240102","clim_var39","mean",NA,NA,"clim_var39","Climate variable 39","dummy unit",NA,NA,"no","no","no","no","no","no","no","no","no","rSUB= no, rDW= no, rSTD= no, rRES= no, rFB= no, DIA= no, GIA= no, RF= no, DI= no"
"19007","19007_20240102","clim_var40_mean_19007_20240102","clim_var40","mean",NA,NA,"clim_var40","Climate variable 40","dummy unit",NA,NA,"no","no","no","no","no","no","no","no","no","rSUB= no, rDW= no, rSTD= no, rRES= no, rFB= no, DIA= no, GIA= no, RF= no, DI= no"
"19007","19007_20240102","clim_var41_mean_19007_20240102","clim_var41","mean",NA,NA,"clim_var41","Climate variable 41","dummy unit",NA,NA,"no","no","no","no","no","no","no","no","no","rSUB= no, rDW= no, rSTD= no, rRES= no, rFB= no, DIA= no, GIA= no, RF= no, DI= no"
"19007","19007_20240102","clim_var42_mean_19007_20240102","clim_var42","mean",NA,NA,"clim_var42","Climate variable 42","dummy unit",NA,NA,"no","no","no","no","no","no","no","no","no","rSUB= no, rDW= no, rSTD= no, rRES= no, rFB= no, DIA= no, GIA= no, RF= no, DI= no"
"19007","19007_20240102","clim_var43_mean_19007_20240102","clim_var43","mean",NA,NA,"clim_var43","Climate variable 43","dummy unit",NA,NA,"no","no","no","no","no","no","no","no","no","rSUB= no, rDW= no, rSTD= no, rRES= no, rFB= no, DIA= no, GIA= no, RF= no, DI= no"
"19007","19007_20240102","clim_var44_mean_19007_20240102","clim_var44","mean",NA,NA,"clim_var44","Climate variable 44","dummy unit",NA,NA,"no","no","no","no","no","no","no","no","no","rSUB= no, rDW= no, rSTD= no, rRES= no, rFB= no, DIA= no, GIA= no, RF= no, DI= no"
"19007","19007_20240102","clim_var45_mean_19007_20240102","clim_var45","mean",NA,NA,"clim_var45","Climate variable 45","dummy unit",NA,NA,"no","no","no","no","no","no","no","no","no","rSUB= no, rDW= no, rSTD= no, rRES= no, rFB= no, DIA= no, GIA= no, RF= no, DI= no"
"19007","19007_20240102","clim_var46_mean_19007_20240102","clim_var46","mean",NA,NA,"clim_var46","Climate variable 46","dummy unit",NA,NA,"no","no","no","no","no","no","no","no","no","rSUB= no, rDW= no, rSTD= no, rRES= no, rFB= no, DIA= no, GIA= no, RF= no, DI= no"
"19007","19007_20240102","clim_var47_mean_19007_20240102","clim_var47","mean",NA,NA,"clim_var47","Climate variable 47","dummy unit",NA,NA,"no","no","no","no","no","no","no","no","no","rSUB= no, rDW= no, rSTD= no, rRES= no, rFB= no, DIA= no, GIA= no, RF= no, DI= no"
"19007","19007_20240102","clim_var48_mean_19007_20240102","clim_var48","mean",NA,NA,"clim_var48","Climate variable 48","dummy unit",NA,NA,"no","no","no","no","no","no","no","no","no","rSUB= no, rDW= no, rSTD= no, rRES= no, rFB= no, DIA= no, GIA= no, RF= no, DI= no"
"19007","19007_20240102","clim_var49_mean_19007_20240102","clim_var49","mean",NA,NA,"clim_var49","Climate variable 49","dummy unit",NA,NA,"no","no","no","no","no","no","no","no","no","rSUB= no, rDW= no, rSTD= no, rRES= no, rFB= no, DIA= no, GIA= no, RF= no, DI= no"
"19007","19007_20240102","clim_var50_mean_19007_20240102","clim_var50","mean",NA,NA,"clim_var50","Climate variable 50","dummy unit",NA,NA,"no","no","no","no","no","no","no","no","no","rSUB= no, rDW= no, rSTD= no, rRES= no, rFB= no, DIA= no, GIA= no, RF= no, DI= no"
"19007","19007_20240102","clim_var1_median_19007_20240102","clim_var1","median",NA,NA,"clim_var1","Climate variable 1","dummy unit",NA,NA,"no","no","no","no","no","no","no","no","no","rSUB= no, rDW= no, rSTD= no, rRES= no, rFB= no, DIA= no, GIA= no, RF= no, DI= no"
"19007","19007_20240102","clim_var2_median_19007_20240102","clim_var2","median",NA,NA,"clim_var2","Climate variable 2","dummy unit",NA,NA,"no","no","no","no","no","no","no","no","no","rSUB= no, rDW= no, rSTD= no, rRES= no, rFB= no, DIA= no, GIA= no, RF= no, DI= no"
"19007","19007_20240102","clim_var3_median_19007_20240102","clim_var3","median",NA,NA,"clim_var3","Climate variable 3","dummy unit",NA,NA,"no","no","no","no","no","no","no","no","no","rSUB= no, rDW= no, rSTD= no, rRES= no, rFB= no, DIA= no, GIA= no, RF= no, DI= no"
"19007","19007_20240102","clim_var4_median_19007_20240102","clim_var4","median",NA,NA,"clim_var4","Climate variable 4","dummy unit",NA,NA,"no","no","no","no","no","no","no","no","no","rSUB= no, rDW= no, rSTD= no, rRES= no, rFB= no, DIA= no, GIA= no, RF= no, DI= no"
"19007","19007_20240102","clim_var5_median_19007_20240102","clim_var5","median",NA,NA,"clim_var5","Climate variable 5","dummy unit",NA,NA,"no","no","no","no","no","no","no","no","no","rSUB= no, rDW= no, rSTD= no, rRES= no, rFB= no, DIA= no, GIA= no, RF= no, DI= no"
"19007","19007_20240102","clim_var6_median_19007_20240102","clim_var6","median",NA,NA,"clim_var6","Climate variable 6","dummy unit",NA,NA,"no","no","no","no","no","no","no","no","no","rSUB= no, rDW= no, rSTD= no, rRES= no, rFB= no, DIA= no, GIA= no, RF= no, DI= no"
"19007","19007_20240102","clim_var7_median_19007_20240102","clim_var7","median",NA,NA,"clim_var7","Climate variable 7","dummy unit",NA,NA,"no","no","no","no","no","no","no","no","no","rSUB= no, rDW= no, rSTD= no, rRES= no, rFB= no, DIA= no, GIA= no, RF= no, DI= no"
"19007","19007_20240102","clim_var8_median_19007_20240102","clim_var8","median",NA,NA,"clim_var8","Climate variable 8","dummy unit",NA,NA,"no","no","no","no","no","no","no","no","no","rSUB= no, rDW= no, rSTD= no, rRES= no, rFB= no, DIA= no, GIA= no, RF= no, DI= no"
"19007","19007_20240102","clim_var9_median_19007_20240102","clim_var9","median",NA,NA,"clim_var9","Climate variable 9","dummy unit",NA,NA,"no","no","no","no","no","no","no","no","no","rSUB= no, rDW= no, rSTD= no, rRES= no, rFB= no, DIA= no, GIA= no, RF= no, DI= no"
"19007","19007_20240102","clim_var10_median_19007_20240102","clim_var10","median",NA,NA,"clim_var10","Climate variable 10","dummy unit",NA,NA,"no","no","no","no","no","no","no","no","no","rSUB= no, rDW= no, rSTD= no, rRES= no, rFB= no, DIA= no, GIA= no, RF= no, DI= no"
"19007","19007_20240102","clim_var11_median_19007_20240102","clim_var11","median",NA,NA,"clim_var11","Climate variable 11","dummy unit",NA,NA,"no","no","no","no","no","no","no","no","no","rSUB= no, rDW= no, rSTD= no, rRES= no, rFB= no, DIA= no, GIA= no, RF= no, DI= no"
"19007","19007_20240102","clim_var12_median_19007_20240102","clim_var12","median",NA,NA,"clim_var12","Climate variable 12","dummy unit",NA,NA,"no","no","no","no","no","no","no","no","no","rSUB= no, rDW= no, rSTD= no, rRES= no, rFB= no, DIA= no, GIA= no, RF= no, DI= no"
"19007","19007_20240102","clim_var13_median_19007_20240102","clim_var13","median",NA,NA,"clim_var13","Climate variable 13","dummy unit",NA,NA,"no","no","no","no","no","no","no","no","no","rSUB= no, rDW= no, rSTD= no, rRES= no, rFB= no, DIA= no, GIA= no, RF= no, DI= no"
"19007","19007_20240102","clim_var14_median_19007_20240102","clim_var14","median",NA,NA,"clim_var14","Climate variable 14","dummy unit",NA,NA,"no","no","no","no","no","no","no","no","no","rSUB= no, rDW= no, rSTD= no, rRES= no, rFB= no, DIA= no, GIA= no, RF= no, DI= no"
"19007","19007_20240102","clim_var15_median_19007_20240102","clim_var15","median",NA,NA,"clim_var15","Climate variable 15","dummy unit",NA,NA,"no","no","no","no","no","no","no","no","no","rSUB= no, rDW= no, rSTD= no, rRES= no, rFB= no, DIA= no, GIA= no, RF= no, DI= no"
"19007","19007_20240102","clim_var16_median_19007_20240102","clim_var16","median",NA,NA,"clim_var16","Climate variable 16","dummy unit",NA,NA,"no","no","no","no","no","no","no","no","no","rSUB= no, rDW= no, rSTD= no, rRES= no, rFB= no, DIA= no, GIA= no, RF= no, DI= no"
"19007","19007_20240102","clim_var17_median_19007_20240102","clim_var17","median",NA,NA,"clim_var17","Climate variable 17","dummy unit",NA,NA,"no","no","no","no","no","no","no","no","no","rSUB= no, rDW= no, rSTD= no, rRES= no, rFB= no, DIA= no, GIA= no, RF= no, DI= no"
"19007","19007_20240102","clim_var18_median_19007_20240102","clim_var18","median",NA,NA,"clim_var18","Climate variable 18","dummy unit",NA,NA,"no","no","no","no","no","no","no","no","no","rSUB= no, rDW= no, rSTD= no, rRES= no, rFB= no, DIA= no, GIA= no, RF= no, DI= no"
"19007","19007_20240102","clim_var19_median_19007_20240102","clim_var19","median",NA,NA,"clim_var19","Climate variable 19","dummy unit",NA,NA,"no","no","no","no","no","no","no","no","no","rSUB= no, rDW= no, rSTD= no, rRES= no, rFB= no, DIA= no, GIA= no, RF= no, DI= no"
"19007","19007_20240102","clim_var20_median_19007_20240102","clim_var20","median",NA,NA,"clim_var20","Climate variable 20","dummy unit",NA,NA,"no","no","no","no","no","no","no","no","no","rSUB= no, rDW= no, rSTD= no, rRES= no, rFB= no, DIA= no, GIA= no, RF= no, DI= no"
"19007","19007_20240102","clim_var21_median_19007_20240102","clim_var21","median",NA,NA,"clim_var21","Climate variable 21","dummy unit",NA,NA,"no","no","no","no","no","no","no","no","no","rSUB= no, rDW= no, rSTD= no, rRES= no, rFB= no, DIA= no, GIA= no, RF= no, DI= no"
"19007","19007_20240102","clim_var22_median_19007_20240102","clim_var22","median",NA,NA,"clim_var22","Climate variable 22","dummy unit",NA,NA,"no","no","no","no","no","no","no","no","no","rSUB= no, rDW= no, rSTD= no, rRES= no, rFB= no, DIA= no, GIA= no, RF= no, DI= no"
"19007","19007_20240102","clim_var23_median_19007_20240102","clim_var23","median",NA,NA,"clim_var23","Climate variable 23","dummy unit",NA,NA,"no","no","no","no","no","no","no","no","no","rSUB= no, rDW= no, rSTD= no, rRES= no, rFB= no, DIA= no, GIA= no, RF= no, DI= no"
"19007","19007_20240102","clim_var24_median_19007_20240102","clim_var24","median",NA,NA,"clim_var24","Climate variable 24","dummy unit",NA,NA,"no","no","no","no","no","no","no","no","no","rSUB= no, rDW= no, rSTD= no, rRES= no, rFB= no, DIA= no, GIA= no, RF= no, DI= no"
"19007","19007_20240102","clim_var25_median_19007_20240102","clim_var25","median",NA,NA,"clim_var25","Climate variable 25","dummy unit",NA,NA,"no","no","no","no","no","no","no","no","no","rSUB= no, rDW= no, rSTD= no, rRES= no, rFB= no, DIA= no, GIA= no, RF= no, DI= no"
"19007","19007_20240102","clim_var26_median_19007_20240102","clim_var26","median",NA,NA,"clim_var26","Climate variable 26","dummy unit",NA,NA,"no","no","no","no","no","no","no","no","no","rSUB= no, rDW= no, rSTD= no, rRES= no, rFB= no, DIA= no, GIA= no, RF= no, DI= no"
"19007","19007_20240102","clim_var27_median_19007_20240102","clim_var27","median",NA,NA,"clim_var27","Climate variable 27","dummy unit",NA,NA,"no","no","no","no","no","no","no","no","no","rSUB= no, rDW= no, rSTD= no, rRES= no, rFB= no, DIA= no, GIA= no, RF= no, DI= no"
"19007","19007_20240102","clim_var28_median_19007_20240102","clim_var28","median",NA,NA,"clim_var28","Climate variable 28","dummy unit",NA,NA,"no","no","no","no","no","no","no","no","no","rSUB= no, rDW= no, rSTD= no, rRES= no, rFB= no, DIA= no, GIA= no, RF= no, DI= no"
"19007","19007_20240102","clim_var29_median_19007_20240102","clim_var29","median",NA,NA,"clim_var29","Climate variable 29","dummy unit",NA,NA,"no","no","no","no","no","no","no","no","no","rSUB= no, rDW= no, rSTD= no, rRES= no, rFB= no, DIA= no, GIA= no, RF= no, DI= no"
"19007","19007_20240102","clim_var30_median_19007_20240102","clim_var30","median",NA,NA,"clim_var30","Climate variable 30","dummy unit",NA,NA,"no","no","no","no","no","no","no","no","no","rSUB= no, rDW= no, rSTD= no, rRES= no, rFB= no, DIA= no, GIA= no, RF= no, DI= no"
"19007","19007_20240102","clim_var31_median_19007_20240102","clim_var31","median",NA,NA,"clim_var31","Climate variable 31","dummy unit",NA,NA,"no","no","no","no","no","no","no","no","no","rSUB= no, rDW= no, rSTD= no, rRES= no, rFB= no, DIA= no, GIA= no, RF= no, DI= no"
"19007","19007_20240102","clim_var32_median_19007_20240102","clim_var32","median",NA,NA,"clim_var32","Climate variable 32","dummy unit",NA,NA,"no","no","no","no","no","no","no","no","no","rSUB= no, rDW= no, rSTD= no, rRES= no, rFB= no, DIA= no, GIA= no, RF= no, DI= no"
"19007","19007_20240102","clim_var33_median_19007_20240102","clim_var33","median",NA,NA,"clim_var33","Climate variable 33","dummy unit",NA,NA,"no","no","no","no","no","no","no","no","no","rSUB= no, rDW= no, rSTD= no, rRES= no, rFB= no, DIA= no, GIA= no, RF= no, DI= no"
"19007","19007_20240102","clim_var34_median_19007_20240102","clim_var34","median",NA,NA,"clim_var34","Climate variable 34","dummy unit",NA,NA,"no","no","no","no","no","no","no","no","no","rSUB= no, rDW= no, rSTD= no, rRES= no, rFB= no, DIA= no, GIA= no, RF= no, DI= no"
"19007","19007_20240102","clim_var35_median_19007_20240102","clim_var35","median",NA,NA,"clim_var35","Climate variable 35","dummy unit",NA,NA,"no","no","no","no","no","no","no","no","no","rSUB= no, rDW= no, rSTD= no, rRES= no, rFB= no, DIA= no, GIA= no, RF= no, DI= no"
"19007","19007_20240102","clim_var36_median_19007_20240102","clim_var36","median",NA,NA,"clim_var36","Climate variable 36","dummy unit",NA,NA,"no","no","no","no","no","no","no","no","no","rSUB= no, rDW= no, rSTD= no, rRES= no, rFB= no, DIA= no, GIA= no, RF= no, DI= no"
"19007","19007_20240102","clim_var37_median_19007_20240102","clim_var37","median",NA,NA,"clim_var37","Climate variable 37","dummy unit",NA,NA,"no","no","no","no","no","no","no","no","no","rSUB= no, rDW= no, rSTD= no, rRES= no, rFB= no, DIA= no, GIA= no, RF= no, DI= no"
"19007","19007_20240102","clim_var38_median_19007_20240102","clim_var38","median",NA,NA,"clim_var38","Climate variable 38","dummy unit",NA,NA,"no","no","no","no","no","no","no","no","no","rSUB= no, rDW= no, rSTD= no, rRES= no, rFB= no, DIA= no, GIA= no, RF= no, DI= no"
"19007","19007_20240102","clim_var39_median_19007_20240102","clim_var39","median",NA,NA,"clim_var39","Climate variable 39","dummy unit",NA,NA,"no","no","no","no","no","no","no","no","no","rSUB= no, rDW= no, rSTD= no, rRES= no, rFB= no, DIA= no, GIA= no, RF= no, DI= no"
"19007","19007_20240102","clim_var40_median_19007_20240102","clim_var40","median",NA,NA,"clim_var40","Climate variable 40","dummy unit",NA,NA,"no","no","no","no","no","no","no","no","no","rSUB= no, rDW= no, rSTD= no, rRES= no, rFB= no, DIA= no, GIA= no, RF= no, DI= no"
"19007","19007_20240102","clim_var41_median_19007_20240102","clim_var41","median",NA,NA,"clim_var41","Climate variable 41","dummy unit",NA,NA,"no","no","no","no","no","no","no","no","no","rSUB= no, rDW= no, rSTD= no, rRES= no, rFB= no, DIA= no, GIA= no, RF= no, DI= no"
"19007","19007_20240102","clim_var42_median_19007_20240102","clim_var42","median",NA,NA,"clim_var42","Climate variable 42","dummy unit",NA,NA,"no","no","no","no","no","no","no","no","no","rSUB= no, rDW= no, rSTD= no, rRES= no, rFB= no, DIA= no, GIA= no, RF= no, DI= no"
"19007","19007_20240102","clim_var43_median_19007_20240102","clim_var43","median",NA,NA,"clim_var43","Climate variable 43","dummy unit",NA,NA,"no","no","no","no","no","no","no","no","no","rSUB= no, rDW= no, rSTD= no, rRES= no, rFB= no, DIA= no, GIA= no, RF= no, DI= no"
"19007","19007_20240102","clim_var44_median_19007_20240102","clim_var44","median",NA,NA,"clim_var44","Climate variable 44","dummy unit",NA,NA,"no","no","no","no","no","no","no","no","no","rSUB= no, rDW= no, rSTD= no, rRES= no, rFB= no, DIA= no, GIA= no, RF= no, DI= no"
"19007","19007_20240102","clim_var45_median_19007_20240102","clim_var45","median",NA,NA,"clim_var45","Climate variable 45","dummy unit",NA,NA,"no","no","no","no","no","no","no","no","no","rSUB= no, rDW= no, rSTD= no, rRES= no, rFB= no, DIA= no, GIA= no, RF= no, DI= no"
"19007","19007_20240102","clim_var46_median_19007_20240102","clim_var46","median",NA,NA,"clim_var46","Climate variable 46","dummy unit",NA,NA,"no","no","no","no","no","no","no","no","no","rSUB= no, rDW= no, rSTD= no, rRES= no, rFB= no, DIA= no, GIA= no, RF= no, DI= no"
"19007","19007_20240102","clim_var47_median_19007_20240102","clim_var47","median",NA,NA,"clim_var47","Climate variable 47","dummy unit",NA,NA,"no","no","no","no","no","no","no","no","no","rSUB= no, rDW= no, rSTD= no, rRES= no, rFB= no, DIA= no, GIA= no, RF= no, DI= no"
"19007","19007_20240102","clim_var48_median_19007_20240102","clim_var48","median",NA,NA,"clim_var48","Climate variable 48","dummy unit",NA,NA,"no","no","no","no","no","no","no","no","no","rSUB= no, rDW= no, rSTD= no, rRES= no, rFB= no, DIA= no, GIA= no, RF= no, DI= no"
"19007","19007_20240102","clim_var49_median_19007_20240102","clim_var49","median",NA,NA,"clim_var49","Climate variable 49","dummy unit",NA,NA,"no","no","no","no","no","no","no","no","no","rSUB= no, rDW= no, rSTD= no, rRES= no, rFB= no, DIA= no, GIA= no, RF= no, DI= no"
"19007","19007_20240102","clim_var50_median_19007_20240102","clim_var50","median",NA,NA,"clim_var50","Climate variable 50","dummy unit",NA,NA,"no","no","no","no","no","no","no","no","no","rSUB= no, rDW= no, rSTD= no, rRES= no, rFB= no, DIA= no, GIA= no, RF= no, DI= no"
"19007","19007_20240102","clim_var1_sd_19007_20240102","clim_var1","sd",NA,NA,"clim_var1","Climate variable 1","dummy unit",NA,NA,"no","no","no","no","no","no","no","no","no","rSUB= no, rDW= no, rSTD= no, rRES= no, rFB= no, DIA= no, GIA= no, RF= no, DI= no"
"19007","19007_20240102","clim_var2_sd_19007_20240102","clim_var2","sd",NA,NA,"clim_var2","Climate variable 2","dummy unit",NA,NA,"no","no","no","no","no","no","no","no","no","rSUB= no, rDW= no, rSTD= no, rRES= no, rFB= no, DIA= no, GIA= no, RF= no, DI= no"
"19007","19007_20240102","clim_var3_sd_19007_20240102","clim_var3","sd",NA,NA,"clim_var3","Climate variable 3","dummy unit",NA,NA,"no","no","no","no","no","no","no","no","no","rSUB= no, rDW= no, rSTD= no, rRES= no, rFB= no, DIA= no, GIA= no, RF= no, DI= no"
"19007","19007_20240102","clim_var4_sd_19007_20240102","clim_var4","sd",NA,NA,"clim_var4","Climate variable 4","dummy unit",NA,NA,"no","no","no","no","no","no","no","no","no","rSUB= no, rDW= no, rSTD= no, rRES= no, rFB= no, DIA= no, GIA= no, RF= no, DI= no"
"19007","19007_20240102","clim_var5_sd_19007_20240102","clim_var5","sd",NA,NA,"clim_var5","Climate variable 5","dummy unit",NA,NA,"no","no","no","no","no","no","no","no","no","rSUB= no, rDW= no, rSTD= no, rRES= no, rFB= no, DIA= no, GIA= no, RF= no, DI= no"
"19007","19007_20240102","clim_var6_sd_19007_20240102","clim_var6","sd",NA,NA,"clim_var6","Climate variable 6","dummy unit",NA,NA,"no","no","no","no","no","no","no","no","no","rSUB= no, rDW= no, rSTD= no, rRES= no, rFB= no, DIA= no, GIA= no, RF= no, DI= no"
"19007","19007_20240102","clim_var7_sd_19007_20240102","clim_var7","sd",NA,NA,"clim_var7","Climate variable 7","dummy unit",NA,NA,"no","no","no","no","no","no","no","no","no","rSUB= no, rDW= no, rSTD= no, rRES= no, rFB= no, DIA= no, GIA= no, RF= no, DI= no"
"19007","19007_20240102","clim_var8_sd_19007_20240102","clim_var8","sd",NA,NA,"clim_var8","Climate variable 8","dummy unit",NA,NA,"no","no","no","no","no","no","no","no","no","rSUB= no, rDW= no, rSTD= no, rRES= no, rFB= no, DIA= no, GIA= no, RF= no, DI= no"
"19007","19007_20240102","clim_var9_sd_19007_20240102","clim_var9","sd",NA,NA,"clim_var9","Climate variable 9","dummy unit",NA,NA,"no","no","no","no","no","no","no","no","no","rSUB= no, rDW= no, rSTD= no, rRES= no, rFB= no, DIA= no, GIA= no, RF= no, DI= no"
"19007","19007_20240102","clim_var10_sd_19007_20240102","clim_var10","sd",NA,NA,"clim_var10","Climate variable 10","dummy unit",NA,NA,"no","no","no","no","no","no","no","no","no","rSUB= no, rDW= no, rSTD= no, rRES= no, rFB= no, DIA= no, GIA= no, RF= no, DI= no"
"19007","19007_20240102","clim_var11_sd_19007_20240102","clim_var11","sd",NA,NA,"clim_var11","Climate variable 11","dummy unit",NA,NA,"no","no","no","no","no","no","no","no","no","rSUB= no, rDW= no, rSTD= no, rRES= no, rFB= no, DIA= no, GIA= no, RF= no, DI= no"
"19007","19007_20240102","clim_var12_sd_19007_20240102","clim_var12","sd",NA,NA,"clim_var12","Climate variable 12","dummy unit",NA,NA,"no","no","no","no","no","no","no","no","no","rSUB= no, rDW= no, rSTD= no, rRES= no, rFB= no, DIA= no, GIA= no, RF= no, DI= no"
"19007","19007_20240102","clim_var13_sd_19007_20240102","clim_var13","sd",NA,NA,"clim_var13","Climate variable 13","dummy unit",NA,NA,"no","no","no","no","no","no","no","no","no","rSUB= no, rDW= no, rSTD= no, rRES= no, rFB= no, DIA= no, GIA= no, RF= no, DI= no"
"19007","19007_20240102","clim_var14_sd_19007_20240102","clim_var14","sd",NA,NA,"clim_var14","Climate variable 14","dummy unit",NA,NA,"no","no","no","no","no","no","no","no","no","rSUB= no, rDW= no, rSTD= no, rRES= no, rFB= no, DIA= no, GIA= no, RF= no, DI= no"
"19007","19007_20240102","clim_var15_sd_19007_20240102","clim_var15","sd",NA,NA,"clim_var15","Climate variable 15","dummy unit",NA,NA,"no","no","no","no","no","no","no","no","no","rSUB= no, rDW= no, rSTD= no, rRES= no, rFB= no, DIA= no, GIA= no, RF= no, DI= no"
"19007","19007_20240102","clim_var16_sd_19007_20240102","clim_var16","sd",NA,NA,"clim_var16","Climate variable 16","dummy unit",NA,NA,"no","no","no","no","no","no","no","no","no","rSUB= no, rDW= no, rSTD= no, rRES= no, rFB= no, DIA= no, GIA= no, RF= no, DI= no"
"19007","19007_20240102","clim_var17_sd_19007_20240102","clim_var17","sd",NA,NA,"clim_var17","Climate variable 17","dummy unit",NA,NA,"no","no","no","no","no","no","no","no","no","rSUB= no, rDW= no, rSTD= no, rRES= no, rFB= no, DIA= no, GIA= no, RF= no, DI= no"
"19007","19007_20240102","clim_var18_sd_19007_20240102","clim_var18","sd",NA,NA,"clim_var18","Climate variable 18","dummy unit",NA,NA,"no","no","no","no","no","no","no","no","no","rSUB= no, rDW= no, rSTD= no, rRES= no, rFB= no, DIA= no, GIA= no, RF= no, DI= no"
"19007","19007_20240102","clim_var19_sd_19007_20240102","clim_var19","sd",NA,NA,"clim_var19","Climate variable 19","dummy unit",NA,NA,"no","no","no","no","no","no","no","no","no","rSUB= no, rDW= no, rSTD= no, rRES= no, rFB= no, DIA= no, GIA= no, RF= no, DI= no"
"19007","19007_20240102","clim_var20_sd_19007_20240102","clim_var20","sd",NA,NA,"clim_var20","Climate variable 20","dummy unit",NA,NA,"no","no","no","no","no","no","no","no","no","rSUB= no, rDW= no, rSTD= no, rRES= no, rFB= no, DIA= no, GIA= no, RF= no, DI= no"
"19007","19007_20240102","clim_var21_sd_19007_20240102","clim_var21","sd",NA,NA,"clim_var21","Climate variable 21","dummy unit",NA,NA,"no","no","no","no","no","no","no","no","no","rSUB= no, rDW= no, rSTD= no, rRES= no, rFB= no, DIA= no, GIA= no, RF= no, DI= no"
"19007","19007_20240102","clim_var22_sd_19007_20240102","clim_var22","sd",NA,NA,"clim_var22","Climate variable 22","dummy unit",NA,NA,"no","no","no","no","no","no","no","no","no","rSUB= no, rDW= no, rSTD= no, rRES= no, rFB= no, DIA= no, GIA= no, RF= no, DI= no"
"19007","19007_20240102","clim_var23_sd_19007_20240102","clim_var23","sd",NA,NA,"clim_var23","Climate variable 23","dummy unit",NA,NA,"no","no","no","no","no","no","no","no","no","rSUB= no, rDW= no, rSTD= no, rRES= no, rFB= no, DIA= no, GIA= no, RF= no, DI= no"
"19007","19007_20240102","clim_var24_sd_19007_20240102","clim_var24","sd",NA,NA,"clim_var24","Climate variable 24","dummy unit",NA,NA,"no","no","no","no","no","no","no","no","no","rSUB= no, rDW= no, rSTD= no, rRES= no, rFB= no, DIA= no, GIA= no, RF= no, DI= no"
"19007","19007_20240102","clim_var25_sd_19007_20240102","clim_var25","sd",NA,NA,"clim_var25","Climate variable 25","dummy unit",NA,NA,"no","no","no","no","no","no","no","no","no","rSUB= no, rDW= no, rSTD= no, rRES= no, rFB= no, DIA= no, GIA= no, RF= no, DI= no"
"19007","19007_20240102","clim_var26_sd_19007_20240102","clim_var26","sd",NA,NA,"clim_var26","Climate variable 26","dummy unit",NA,NA,"no","no","no","no","no","no","no","no","no","rSUB= no, rDW= no, rSTD= no, rRES= no, rFB= no, DIA= no, GIA= no, RF= no, DI= no"
"19007","19007_20240102","clim_var27_sd_19007_20240102","clim_var27","sd",NA,NA,"clim_var27","Climate variable 27","dummy unit",NA,NA,"no","no","no","no","no","no","no","no","no","rSUB= no, rDW= no, rSTD= no, rRES= no, rFB= no, DIA= no, GIA= no, RF= no, DI= no"
"19007","19007_20240102","clim_var28_sd_19007_20240102","clim_var28","sd",NA,NA,"clim_var28","Climate variable 28","dummy unit",NA,NA,"no","no","no","no","no","no","no","no","no","rSUB= no, rDW= no, rSTD= no, rRES= no, rFB= no, DIA= no, GIA= no, RF= no, DI= no"
"19007","19007_20240102","clim_var29_sd_19007_20240102","clim_var29","sd",NA,NA,"clim_var29","Climate variable 29","dummy unit",NA,NA,"no","no","no","no","no","no","no","no","no","rSUB= no, rDW= no, rSTD= no, rRES= no, rFB= no, DIA= no, GIA= no, RF= no, DI= no"
"19007","19007_20240102","clim_var30_sd_19007_20240102","clim_var30","sd",NA,NA,"clim_var30","Climate variable 30","dummy unit",NA,NA,"no","no","no","no","no","no","no","no","no","rSUB= no, rDW= no, rSTD= no, rRES= no, rFB= no, DIA= no, GIA= no, RF= no, DI= no"
"19007","19007_20240102","clim_var31_sd_19007_20240102","clim_var31","sd",NA,NA,"clim_var31","Climate variable 31","dummy unit",NA,NA,"no","no","no","no","no","no","no","no","no","rSUB= no, rDW= no, rSTD= no, rRES= no, rFB= no, DIA= no, GIA= no, RF= no, DI= no"
"19007","19007_20240102","clim_var32_sd_19007_20240102","clim_var32","sd",NA,NA,"clim_var32","Climate variable 32","dummy unit",NA,NA,"no","no","no","no","no","no","no","no","no","rSUB= no, rDW= no, rSTD= no, rRES= no, rFB= no, DIA= no, GIA= no, RF= no, DI= no"
"19007","19007_20240102","clim_var33_sd_19007_20240102","clim_var33","sd",NA,NA,"clim_var33","Climate variable 33","dummy unit",NA,NA,"no","no","no","no","no","no","no","no","no","rSUB= no, rDW= no, rSTD= no, rRES= no, rFB= no, DIA= no, GIA= no, RF= no, DI= no"
"19007","19007_20240102","clim_var34_sd_19007_20240102","clim_var34","sd",NA,NA,"clim_var34","Climate variable 34","dummy unit",NA,NA,"no","no","no","no","no","no","no","no","no","rSUB= no, rDW= no, rSTD= no, rRES= no, rFB= no, DIA= no, GIA= no, RF= no, DI= no"
"19007","19007_20240102","clim_var35_sd_19007_20240102","clim_var35","sd",NA,NA,"clim_var35","Climate variable 35","dummy unit",NA,NA,"no","no","no","no","no","no","no","no","no","rSUB= no, rDW= no, rSTD= no, rRES= no, rFB= no, DIA= no, GIA= no, RF= no, DI= no"
"19007","19007_20240102","clim_var36_sd_19007_20240102","clim_var36","sd",NA,NA,"clim_var36","Climate variable 36","dummy unit",NA,NA,"no","no","no","no","no","no","no","no","no","rSUB= no, rDW= no, rSTD= no, rRES= no, rFB= no, DIA= no, GIA= no, RF= no, DI= no"
"19007","19007_20240102","clim_var37_sd_19007_20240102","clim_var37","sd",NA,NA,"clim_var37","Climate variable 37","dummy unit",NA,NA,"no","no","no","no","no","no","no","no","no","rSUB= no, rDW= no, rSTD= no, rRES= no, rFB= no, DIA= no, GIA= no, RF= no, DI= no"
"19007","19007_20240102","clim_var38_sd_19007_20240102","clim_var38","sd",NA,NA,"clim_var38","Climate variable 38","dummy unit",NA,NA,"no","no","no","no","no","no","no","no","no","rSUB= no, rDW= no, rSTD= no, rRES= no, rFB= no, DIA= no, GIA= no, RF= no, DI= no"
"19007","19007_20240102","clim_var39_sd_19007_20240102","clim_var39","sd",NA,NA,"clim_var39","Climate variable 39","dummy unit",NA,NA,"no","no","no","no","no","no","no","no","no","rSUB= no, rDW= no, rSTD= no, rRES= no, rFB= no, DIA= no, GIA= no, RF= no, DI= no"
"19007","19007_20240102","clim_var40_sd_19007_20240102","clim_var40","sd",NA,NA,"clim_var40","Climate variable 40","dummy unit",NA,NA,"no","no","no","no","no","no","no","no","no","rSUB= no, rDW= no, rSTD= no, rRES= no, rFB= no, DIA= no, GIA= no, RF= no, DI= no"
"19007","19007_20240102","clim_var41_sd_19007_20240102","clim_var41","sd",NA,NA,"clim_var41","Climate variable 41","dummy unit",NA,NA,"no","no","no","no","no","no","no","no","no","rSUB= no, rDW= no, rSTD= no, rRES= no, rFB= no, DIA= no, GIA= no, RF= no, DI= no"
"19007","19007_20240102","clim_var42_sd_19007_20240102","clim_var42","sd",NA,NA,"clim_var42","Climate variable 42","dummy unit",NA,NA,"no","no","no","no","no","no","no","no","no","rSUB= no, rDW= no, rSTD= no, rRES= no, rFB= no, DIA= no, GIA= no, RF= no, DI= no"
"19007","19007_20240102","clim_var43_sd_19007_20240102","clim_var43","sd",NA,NA,"clim_var43","Climate variable 43","dummy unit",NA,NA,"no","no","no","no","no","no","no","no","no","rSUB= no, rDW= no, rSTD= no, rRES= no, rFB= no, DIA= no, GIA= no, RF= no, DI= no"
"19007","19007_20240102","clim_var44_sd_19007_20240102","clim_var44","sd",NA,NA,"clim_var44","Climate variable 44","dummy unit",NA,NA,"no","no","no","no","no","no","no","no","no","rSUB= no, rDW= no, rSTD= no, rRES= no, rFB= no, DIA= no, GIA= no, RF= no, DI= no"
"19007","19007_20240102","clim_var45_sd_19007_20240102","clim_var45","sd",NA,NA,"clim_var45","Climate variable 45","dummy unit",NA,NA,"no","no","no","no","no","no","no","no","no","rSUB= no, rDW= no, rSTD= no, rRES= no, rFB= no, DIA= no, GIA= no, RF= no, DI= no"
"19007","19007_20240102","clim_var46_sd_19007_20240102","clim_var46","sd",NA,NA,"clim_var46","Climate variable 46","dummy unit",NA,NA,"no","no","no","no","no","no","no","no","no","rSUB= no, rDW= no, rSTD= no, rRES= no, rFB= no, DIA= no, GIA= no, RF= no, DI= no"
"19007","19007_20240102","clim_var47_sd_19007_20240102","clim_var47","sd",NA,NA,"clim_var47","Climate variable 47","dummy unit",NA,NA,"no","no","no","no","no","no","no","no","no","rSUB= no, rDW= no, rSTD= no, rRES= no, rFB= no, DIA= no, GIA= no, RF= no, DI= no"
"19007","19007_20240102","clim_var48_sd_19007_20240102","clim_var48","sd",NA,NA,"clim_var48","Climate variable 48","dummy unit",NA,NA,"no","no","no","no","no","no","no","no","no","rSUB= no, rDW= no, rSTD= no, rRES= no, rFB= no, DIA= no, GIA= no, RF= no, DI= no"
"19007","19007_20240102","clim_var49_sd_19007_20240102","clim_var49","sd",NA,NA,"clim_var49","Climate variable 49","dummy unit",NA,NA,"no","no","no","no","no","no","no","no","no","rSUB= no, rDW= no, rSTD= no, rRES= no, rFB= no, DIA= no, GIA= no, RF= no, DI= no"
"19007","19007_20240102","clim_var50_sd_19007_20240102","clim_var50","sd",NA,NA,"clim_var50","Climate variable 50","dummy unit",NA,NA,"no","no","no","no","no","no","no","no","no","rSUB= no, rDW= no, rSTD= no, rRES= no, rFB= no, DIA= no, GIA= no, RF= no, DI= no"
"19007","19007_20240102","clim_var1_mad_19007_20240102","clim_var1","mad",NA,NA,"clim_var1","Climate variable 1","dummy unit",NA,NA,"no","no","no","no","no","no","no","no","no","rSUB= no, rDW= no, rSTD= no, rRES= no, rFB= no, DIA= no, GIA= no, RF= no, DI= no"
"19007","19007_20240102","clim_var2_mad_19007_20240102","clim_var2","mad",NA,NA,"clim_var2","Climate variable 2","dummy unit",NA,NA,"no","no","no","no","no","no","no","no","no","rSUB= no, rDW= no, rSTD= no, rRES= no, rFB= no, DIA= no, GIA= no, RF= no, DI= no"
"19007","19007_20240102","clim_var3_mad_19007_20240102","clim_var3","mad",NA,NA,"clim_var3","Climate variable 3","dummy unit",NA,NA,"no","no","no","no","no","no","no","no","no","rSUB= no, rDW= no, rSTD= no, rRES= no, rFB= no, DIA= no, GIA= no, RF= no, DI= no"
"19007","19007_20240102","clim_var4_mad_19007_20240102","clim_var4","mad",NA,NA,"clim_var4","Climate variable 4","dummy unit",NA,NA,"no","no","no","no","no","no","no","no","no","rSUB= no, rDW= no, rSTD= no, rRES= no, rFB= no, DIA= no, GIA= no, RF= no, DI= no"
"19007","19007_20240102","clim_var5_mad_19007_20240102","clim_var5","mad",NA,NA,"clim_var5","Climate variable 5","dummy unit",NA,NA,"no","no","no","no","no","no","no","no","no","rSUB= no, rDW= no, rSTD= no, rRES= no, rFB= no, DIA= no, GIA= no, RF= no, DI= no"
"19007","19007_20240102","clim_var6_mad_19007_20240102","clim_var6","mad",NA,NA,"clim_var6","Climate variable 6","dummy unit",NA,NA,"no","no","no","no","no","no","no","no","no","rSUB= no, rDW= no, rSTD= no, rRES= no, rFB= no, DIA= no, GIA= no, RF= no, DI= no"
"19007","19007_20240102","clim_var7_mad_19007_20240102","clim_var7","mad",NA,NA,"clim_var7","Climate variable 7","dummy unit",NA,NA,"no","no","no","no","no","no","no","no","no","rSUB= no, rDW= no, rSTD= no, rRES= no, rFB= no, DIA= no, GIA= no, RF= no, DI= no"
"19007","19007_20240102","clim_var8_mad_19007_20240102","clim_var8","mad",NA,NA,"clim_var8","Climate variable 8","dummy unit",NA,NA,"no","no","no","no","no","no","no","no","no","rSUB= no, rDW= no, rSTD= no, rRES= no, rFB= no, DIA= no, GIA= no, RF= no, DI= no"
"19007","19007_20240102","clim_var9_mad_19007_20240102","clim_var9","mad",NA,NA,"clim_var9","Climate variable 9","dummy unit",NA,NA,"no","no","no","no","no","no","no","no","no","rSUB= no, rDW= no, rSTD= no, rRES= no, rFB= no, DIA= no, GIA= no, RF= no, DI= no"
"19007","19007_20240102","clim_var10_mad_19007_20240102","clim_var10","mad",NA,NA,"clim_var10","Climate variable 10","dummy unit",NA,NA,"no","no","no","no","no","no","no","no","no","rSUB= no, rDW= no, rSTD= no, rRES= no, rFB= no, DIA= no, GIA= no, RF= no, DI= no"
"19007","19007_20240102","clim_var11_mad_19007_20240102","clim_var11","mad",NA,NA,"clim_var11","Climate variable 11","dummy unit",NA,NA,"no","no","no","no","no","no","no","no","no","rSUB= no, rDW= no, rSTD= no, rRES= no, rFB= no, DIA= no, GIA= no, RF= no, DI= no"
"19007","19007_20240102","clim_var12_mad_19007_20240102","clim_var12","mad",NA,NA,"clim_var12","Climate variable 12","dummy unit",NA,NA,"no","no","no","no","no","no","no","no","no","rSUB= no, rDW= no, rSTD= no, rRES= no, rFB= no, DIA= no, GIA= no, RF= no, DI= no"
"19007","19007_20240102","clim_var13_mad_19007_20240102","clim_var13","mad",NA,NA,"clim_var13","Climate variable 13","dummy unit",NA,NA,"no","no","no","no","no","no","no","no","no","rSUB= no, rDW= no, rSTD= no, rRES= no, rFB= no, DIA= no, GIA= no, RF= no, DI= no"
"19007","19007_20240102","clim_var14_mad_19007_20240102","clim_var14","mad",NA,NA,"clim_var14","Climate variable 14","dummy unit",NA,NA,"no","no","no","no","no","no","no","no","no","rSUB= no, rDW= no, rSTD= no, rRES= no, rFB= no, DIA= no, GIA= no, RF= no, DI= no"
"19007","19007_20240102","clim_var15_mad_19007_20240102","clim_var15","mad",NA,NA,"clim_var15","Climate variable 15","dummy unit",NA,NA,"no","no","no","no","no","no","no","no","no","rSUB= no, rDW= no, rSTD= no, rRES= no, rFB= no, DIA= no, GIA= no, RF= no, DI= no"
"19007","19007_20240102","clim_var16_mad_19007_20240102","clim_var16","mad",NA,NA,"clim_var16","Climate variable 16","dummy unit",NA,NA,"no","no","no","no","no","no","no","no","no","rSUB= no, rDW= no, rSTD= no, rRES= no, rFB= no, DIA= no, GIA= no, RF= no, DI= no"
"19007","19007_20240102","clim_var17_mad_19007_20240102","clim_var17","mad",NA,NA,"clim_var17","Climate variable 17","dummy unit",NA,NA,"no","no","no","no","no","no","no","no","no","rSUB= no, rDW= no, rSTD= no, rRES= no, rFB= no, DIA= no, GIA= no, RF= no, DI= no"
"19007","19007_20240102","clim_var18_mad_19007_20240102","clim_var18","mad",NA,NA,"clim_var18","Climate variable 18","dummy unit",NA,NA,"no","no","no","no","no","no","no","no","no","rSUB= no, rDW= no, rSTD= no, rRES= no, rFB= no, DIA= no, GIA= no, RF= no, DI= no"
"19007","19007_20240102","clim_var19_mad_19007_20240102","clim_var19","mad",NA,NA,"clim_var19","Climate variable 19","dummy unit",NA,NA,"no","no","no","no","no","no","no","no","no","rSUB= no, rDW= no, rSTD= no, rRES= no, rFB= no, DIA= no, GIA= no, RF= no, DI= no"
"19007","19007_20240102","clim_var20_mad_19007_20240102","clim_var20","mad",NA,NA,"clim_var20","Climate variable 20","dummy unit",NA,NA,"no","no","no","no","no","no","no","no","no","rSUB= no, rDW= no, rSTD= no, rRES= no, rFB= no, DIA= no, GIA= no, RF= no, DI= no"
"19007","19007_20240102","clim_var21_mad_19007_20240102","clim_var21","mad",NA,NA,"clim_var21","Climate variable 21","dummy unit",NA,NA,"no","no","no","no","no","no","no","no","no","rSUB= no, rDW= no, rSTD= no, rRES= no, rFB= no, DIA= no, GIA= no, RF= no, DI= no"
"19007","19007_20240102","clim_var22_mad_19007_20240102","clim_var22","mad",NA,NA,"clim_var22","Climate variable 22","dummy unit",NA,NA,"no","no","no","no","no","no","no","no","no","rSUB= no, rDW= no, rSTD= no, rRES= no, rFB= no, DIA= no, GIA= no, RF= no, DI= no"
"19007","19007_20240102","clim_var23_mad_19007_20240102","clim_var23","mad",NA,NA,"clim_var23","Climate variable 23","dummy unit",NA,NA,"no","no","no","no","no","no","no","no","no","rSUB= no, rDW= no, rSTD= no, rRES= no, rFB= no, DIA= no, GIA= no, RF= no, DI= no"
"19007","19007_20240102","clim_var24_mad_19007_20240102","clim_var24","mad",NA,NA,"clim_var24","Climate variable 24","dummy unit",NA,NA,"no","no","no","no","no","no","no","no","no","rSUB= no, rDW= no, rSTD= no, rRES= no, rFB= no, DIA= no, GIA= no, RF= no, DI= no"
"19007","19007_20240102","clim_var25_mad_19007_20240102","clim_var25","mad",NA,NA,"clim_var25","Climate variable 25","dummy unit",NA,NA,"no","no","no","no","no","no","no","no","no","rSUB= no, rDW= no, rSTD= no, rRES= no, rFB= no, DIA= no, GIA= no, RF= no, DI= no"
"19007","19007_20240102","clim_var26_mad_19007_20240102","clim_var26","mad",NA,NA,"clim_var26","Climate variable 26","dummy unit",NA,NA,"no","no","no","no","no","no","no","no","no","rSUB= no, rDW= no, rSTD= no, rRES= no, rFB= no, DIA= no, GIA= no, RF= no, DI= no"
"19007","19007_20240102","clim_var27_mad_19007_20240102","clim_var27","mad",NA,NA,"clim_var27","Climate variable 27","dummy unit",NA,NA,"no","no","no","no","no","no","no","no","no","rSUB= no, rDW= no, rSTD= no, rRES= no, rFB= no, DIA= no, GIA= no, RF= no, DI= no"
"19007","19007_20240102","clim_var28_mad_19007_20240102","clim_var28","mad",NA,NA,"clim_var28","Climate variable 28","dummy unit",NA,NA,"no","no","no","no","no","no","no","no","no","rSUB= no, rDW= no, rSTD= no, rRES= no, rFB= no, DIA= no, GIA= no, RF= no, DI= no"
"19007","19007_20240102","clim_var29_mad_19007_20240102","clim_var29","mad",NA,NA,"clim_var29","Climate variable 29","dummy unit",NA,NA,"no","no","no","no","no","no","no","no","no","rSUB= no, rDW= no, rSTD= no, rRES= no, rFB= no, DIA= no, GIA= no, RF= no, DI= no"
"19007","19007_20240102","clim_var30_mad_19007_20240102","clim_var30","mad",NA,NA,"clim_var30","Climate variable 30","dummy unit",NA,NA,"no","no","no","no","no","no","no","no","no","rSUB= no, rDW= no, rSTD= no, rRES= no, rFB= no, DIA= no, GIA= no, RF= no, DI= no"
"19007","19007_20240102","clim_var31_mad_19007_20240102","clim_var31","mad",NA,NA,"clim_var31","Climate variable 31","dummy unit",NA,NA,"no","no","no","no","no","no","no","no","no","rSUB= no, rDW= no, rSTD= no, rRES= no, rFB= no, DIA= no, GIA= no, RF= no, DI= no"
"19007","19007_20240102","clim_var32_mad_19007_20240102","clim_var32","mad",NA,NA,"clim_var32","Climate variable 32","dummy unit",NA,NA,"no","no","no","no","no","no","no","no","no","rSUB= no, rDW= no, rSTD= no, rRES= no, rFB= no, DIA= no, GIA= no, RF= no, DI= no"
"19007","19007_20240102","clim_var33_mad_19007_20240102","clim_var33","mad",NA,NA,"clim_var33","Climate variable 33","dummy unit",NA,NA,"no","no","no","no","no","no","no","no","no","rSUB= no, rDW= no, rSTD= no, rRES= no, rFB= no, DIA= no, GIA= no, RF= no, DI= no"
"19007","19007_20240102","clim_var34_mad_19007_20240102","clim_var34","mad",NA,NA,"clim_var34","Climate variable 34","dummy unit",NA,NA,"no","no","no","no","no","no","no","no","no","rSUB= no, rDW= no, rSTD= no, rRES= no, rFB= no, DIA= no, GIA= no, RF= no, DI= no"
"19007","19007_20240102","clim_var35_mad_19007_20240102","clim_var35","mad",NA,NA,"clim_var35","Climate variable 35","dummy unit",NA,NA,"no","no","no","no","no","no","no","no","no","rSUB= no, rDW= no, rSTD= no, rRES= no, rFB= no, DIA= no, GIA= no, RF= no, DI= no"
"19007","19007_20240102","clim_var36_mad_19007_20240102","clim_var36","mad",NA,NA,"clim_var36","Climate variable 36","dummy unit",NA,NA,"no","no","no","no","no","no","no","no","no","rSUB= no, rDW= no, rSTD= no, rRES= no, rFB= no, DIA= no, GIA= no, RF= no, DI= no"
"19007","19007_20240102","clim_var37_mad_19007_20240102","clim_var37","mad",NA,NA,"clim_var37","Climate variable 37","dummy unit",NA,NA,"no","no","no","no","no","no","no","no","no","rSUB= no, rDW= no, rSTD= no, rRES= no, rFB= no, DIA= no, GIA= no, RF= no, DI= no"
"19007","19007_20240102","clim_var38_mad_19007_20240102","clim_var38","mad",NA,NA,"clim_var38","Climate variable 38","dummy unit",NA,NA,"no","no","no","no","no","no","no","no","no","rSUB= no, rDW= no, rSTD= no, rRES= no, rFB= no, DIA= no, GIA= no, RF= no, DI= no"
"19007","19007_20240102","clim_var39_mad_19007_20240102","clim_var39","mad",NA,NA,"clim_var39","Climate variable 39","dummy unit",NA,NA,"no","no","no","no","no","no","no","no","no","rSUB= no, rDW= no, rSTD= no, rRES= no, rFB= no, DIA= no, GIA= no, RF= no, DI= no"
"19007","19007_20240102","clim_var40_mad_19007_20240102","clim_var40","mad",NA,NA,"clim_var40","Climate variable 40","dummy unit",NA,NA,"no","no","no","no","no","no","no","no","no","rSUB= no, rDW= no, rSTD= no, rRES= no, rFB= no, DIA= no, GIA= no, RF= no, DI= no"
"19007","19007_20240102","clim_var41_mad_19007_20240102","clim_var41","mad",NA,NA,"clim_var41","Climate variable 41","dummy unit",NA,NA,"no","no","no","no","no","no","no","no","no","rSUB= no, rDW= no, rSTD= no, rRES= no, rFB= no, DIA= no, GIA= no, RF= no, DI= no"
"19007","19007_20240102","clim_var42_mad_19007_20240102","clim_var42","mad",NA,NA,"clim_var42","Climate variable 42","dummy unit",NA,NA,"no","no","no","no","no","no","no","no","no","rSUB= no, rDW= no, rSTD= no, rRES= no, rFB= no, DIA= no, GIA= no, RF= no, DI= no"
"19007","19007_20240102","clim_var43_mad_19007_20240102","clim_var43","mad",NA,NA,"clim_var43","Climate variable 43","dummy unit",NA,NA,"no","no","no","no","no","no","no","no","no","rSUB= no, rDW= no, rSTD= no, rRES= no, rFB= no, DIA= no, GIA= no, RF= no, DI= no"
"19007","19007_20240102","clim_var44_mad_19007_20240102","clim_var44","mad",NA,NA,"clim_var44","Climate variable 44","dummy unit",NA,NA,"no","no","no","no","no","no","no","no","no","rSUB= no, rDW= no, rSTD= no, rRES= no, rFB= no, DIA= no, GIA= no, RF= no, DI= no"
"19007","19007_20240102","clim_var45_mad_19007_20240102","clim_var45","mad",NA,NA,"clim_var45","Climate variable 45","dummy unit",NA,NA,"no","no","no","no","no","no","no","no","no","rSUB= no, rDW= no, rSTD= no, rRES= no, rFB= no, DIA= no, GIA= no, RF= no, DI= no"
"19007","19007_20240102","clim_var46_mad_19007_20240102","clim_var46","mad",NA,NA,"clim_var46","Climate variable 46","dummy unit",NA,NA,"no","no","no","no","no","no","no","no","no","rSUB= no, rDW= no, rSTD= no, rRES= no, rFB= no, DIA= no, GIA= no, RF= no, DI= no"
"19007","19007_20240102","clim_var47_mad_19007_20240102","clim_var47","mad",NA,NA,"clim_var47","Climate variable 47","dummy unit",NA,NA,"no","no","no","no","no","no","no","no","no","rSUB= no, rDW= no, rSTD= no, rRES= no, rFB= no, DIA= no, GIA= no, RF= no, DI= no"
"19007","19007_20240102","clim_var48_mad_19007_20240102","clim_var48","mad",NA,NA,"clim_var48","Climate variable 48","dummy unit",NA,NA,"no","no","no","no","no","no","no","no","no","rSUB= no, rDW= no, rSTD= no, rRES= no, rFB= no, DIA= no, GIA= no, RF= no, DI= no"
"19007","19007_20240102","clim_var49_mad_19007_20240102","clim_var49","mad",NA,NA,"clim_var49","Climate variable 49","dummy unit",NA,NA,"no","no","no","no","no","no","no","no","no","rSUB= no, rDW= no, rSTD= no, rRES= no, rFB= no, DIA= no, GIA= no, RF= no, DI= no"
"19007","19007_20240102","clim_var50_mad_19007_20240102","clim_var50","mad",NA,NA,"clim_var50","Climate variable 50","dummy unit",NA,NA,"no","no","no","no","no","no","no","no","no","rSUB= no, rDW= no, rSTD= no, rRES= no, rFB= no, DIA= no, GIA= no, RF= no, DI= no"
"19007","19007_20240102","clim_var1_min_19007_20240102","clim_var1","min",NA,NA,"clim_var1","Climate variable 1","dummy unit",NA,NA,"no","no","no","no","no","no","no","no","no","rSUB= no, rDW= no, rSTD= no, rRES= no, rFB= no, DIA= no, GIA= no, RF= no, DI= no"
"19007","19007_20240102","clim_var2_min_19007_20240102","clim_var2","min",NA,NA,"clim_var2","Climate variable 2","dummy unit",NA,NA,"no","no","no","no","no","no","no","no","no","rSUB= no, rDW= no, rSTD= no, rRES= no, rFB= no, DIA= no, GIA= no, RF= no, DI= no"
"19007","19007_20240102","clim_var3_min_19007_20240102","clim_var3","min",NA,NA,"clim_var3","Climate variable 3","dummy unit",NA,NA,"no","no","no","no","no","no","no","no","no","rSUB= no, rDW= no, rSTD= no, rRES= no, rFB= no, DIA= no, GIA= no, RF= no, DI= no"
"19007","19007_20240102","clim_var4_min_19007_20240102","clim_var4","min",NA,NA,"clim_var4","Climate variable 4","dummy unit",NA,NA,"no","no","no","no","no","no","no","no","no","rSUB= no, rDW= no, rSTD= no, rRES= no, rFB= no, DIA= no, GIA= no, RF= no, DI= no"
"19007","19007_20240102","clim_var5_min_19007_20240102","clim_var5","min",NA,NA,"clim_var5","Climate variable 5","dummy unit",NA,NA,"no","no","no","no","no","no","no","no","no","rSUB= no, rDW= no, rSTD= no, rRES= no, rFB= no, DIA= no, GIA= no, RF= no, DI= no"
"19007","19007_20240102","clim_var6_min_19007_20240102","clim_var6","min",NA,NA,"clim_var6","Climate variable 6","dummy unit",NA,NA,"no","no","no","no","no","no","no","no","no","rSUB= no, rDW= no, rSTD= no, rRES= no, rFB= no, DIA= no, GIA= no, RF= no, DI= no"
"19007","19007_20240102","clim_var7_min_19007_20240102","clim_var7","min",NA,NA,"clim_var7","Climate variable 7","dummy unit",NA,NA,"no","no","no","no","no","no","no","no","no","rSUB= no, rDW= no, rSTD= no, rRES= no, rFB= no, DIA= no, GIA= no, RF= no, DI= no"
"19007","19007_20240102","clim_var8_min_19007_20240102","clim_var8","min",NA,NA,"clim_var8","Climate variable 8","dummy unit",NA,NA,"no","no","no","no","no","no","no","no","no","rSUB= no, rDW= no, rSTD= no, rRES= no, rFB= no, DIA= no, GIA= no, RF= no, DI= no"
"19007","19007_20240102","clim_var9_min_19007_20240102","clim_var9","min",NA,NA,"clim_var9","Climate variable 9","dummy unit",NA,NA,"no","no","no","no","no","no","no","no","no","rSUB= no, rDW= no, rSTD= no, rRES= no, rFB= no, DIA= no, GIA= no, RF= no, DI= no"
"19007","19007_20240102","clim_var10_min_19007_20240102","clim_var10","min",NA,NA,"clim_var10","Climate variable 10","dummy unit",NA,NA,"no","no","no","no","no","no","no","no","no","rSUB= no, rDW= no, rSTD= no, rRES= no, rFB= no, DIA= no, GIA= no, RF= no, DI= no"
"19007","19007_20240102","clim_var11_min_19007_20240102","clim_var11","min",NA,NA,"clim_var11","Climate variable 11","dummy unit",NA,NA,"no","no","no","no","no","no","no","no","no","rSUB= no, rDW= no, rSTD= no, rRES= no, rFB= no, DIA= no, GIA= no, RF= no, DI= no"
"19007","19007_20240102","clim_var12_min_19007_20240102","clim_var12","min",NA,NA,"clim_var12","Climate variable 12","dummy unit",NA,NA,"no","no","no","no","no","no","no","no","no","rSUB= no, rDW= no, rSTD= no, rRES= no, rFB= no, DIA= no, GIA= no, RF= no, DI= no"
"19007","19007_20240102","clim_var13_min_19007_20240102","clim_var13","min",NA,NA,"clim_var13","Climate variable 13","dummy unit",NA,NA,"no","no","no","no","no","no","no","no","no","rSUB= no, rDW= no, rSTD= no, rRES= no, rFB= no, DIA= no, GIA= no, RF= no, DI= no"
"19007","19007_20240102","clim_var14_min_19007_20240102","clim_var14","min",NA,NA,"clim_var14","Climate variable 14","dummy unit",NA,NA,"no","no","no","no","no","no","no","no","no","rSUB= no, rDW= no, rSTD= no, rRES= no, rFB= no, DIA= no, GIA= no, RF= no, DI= no"
"19007","19007_20240102","clim_var15_min_19007_20240102","clim_var15","min",NA,NA,"clim_var15","Climate variable 15","dummy unit",NA,NA,"no","no","no","no","no","no","no","no","no","rSUB= no, rDW= no, rSTD= no, rRES= no, rFB= no, DIA= no, GIA= no, RF= no, DI= no"
"19007","19007_20240102","clim_var16_min_19007_20240102","clim_var16","min",NA,NA,"clim_var16","Climate variable 16","dummy unit",NA,NA,"no","no","no","no","no","no","no","no","no","rSUB= no, rDW= no, rSTD= no, rRES= no, rFB= no, DIA= no, GIA= no, RF= no, DI= no"
"19007","19007_20240102","clim_var17_min_19007_20240102","clim_var17","min",NA,NA,"clim_var17","Climate variable 17","dummy unit",NA,NA,"no","no","no","no","no","no","no","no","no","rSUB= no, rDW= no, rSTD= no, rRES= no, rFB= no, DIA= no, GIA= no, RF= no, DI= no"
"19007","19007_20240102","clim_var18_min_19007_20240102","clim_var18","min",NA,NA,"clim_var18","Climate variable 18","dummy unit",NA,NA,"no","no","no","no","no","no","no","no","no","rSUB= no, rDW= no, rSTD= no, rRES= no, rFB= no, DIA= no, GIA= no, RF= no, DI= no"
"19007","19007_20240102","clim_var19_min_19007_20240102","clim_var19","min",NA,NA,"clim_var19","Climate variable 19","dummy unit",NA,NA,"no","no","no","no","no","no","no","no","no","rSUB= no, rDW= no, rSTD= no, rRES= no, rFB= no, DIA= no, GIA= no, RF= no, DI= no"
"19007","19007_20240102","clim_var20_min_19007_20240102","clim_var20","min",NA,NA,"clim_var20","Climate variable 20","dummy unit",NA,NA,"no","no","no","no","no","no","no","no","no","rSUB= no, rDW= no, rSTD= no, rRES= no, rFB= no, DIA= no, GIA= no, RF= no, DI= no"
"19007","19007_20240102","clim_var21_min_19007_20240102","clim_var21","min",NA,NA,"clim_var21","Climate variable 21","dummy unit",NA,NA,"no","no","no","no","no","no","no","no","no","rSUB= no, rDW= no, rSTD= no, rRES= no, rFB= no, DIA= no, GIA= no, RF= no, DI= no"
"19007","19007_20240102","clim_var22_min_19007_20240102","clim_var22","min",NA,NA,"clim_var22","Climate variable 22","dummy unit",NA,NA,"no","no","no","no","no","no","no","no","no","rSUB= no, rDW= no, rSTD= no, rRES= no, rFB= no, DIA= no, GIA= no, RF= no, DI= no"
"19007","19007_20240102","clim_var23_min_19007_20240102","clim_var23","min",NA,NA,"clim_var23","Climate variable 23","dummy unit",NA,NA,"no","no","no","no","no","no","no","no","no","rSUB= no, rDW= no, rSTD= no, rRES= no, rFB= no, DIA= no, GIA= no, RF= no, DI= no"
"19007","19007_20240102","clim_var24_min_19007_20240102","clim_var24","min",NA,NA,"clim_var24","Climate variable 24","dummy unit",NA,NA,"no","no","no","no","no","no","no","no","no","rSUB= no, rDW= no, rSTD= no, rRES= no, rFB= no, DIA= no, GIA= no, RF= no, DI= no"
"19007","19007_20240102","clim_var25_min_19007_20240102","clim_var25","min",NA,NA,"clim_var25","Climate variable 25","dummy unit",NA,NA,"no","no","no","no","no","no","no","no","no","rSUB= no, rDW= no, rSTD= no, rRES= no, rFB= no, DIA= no, GIA= no, RF= no, DI= no"
"19007","19007_20240102","clim_var26_min_19007_20240102","clim_var26","min",NA,NA,"clim_var26","Climate variable 26","dummy unit",NA,NA,"no","no","no","no","no","no","no","no","no","rSUB= no, rDW= no, rSTD= no, rRES= no, rFB= no, DIA= no, GIA= no, RF= no, DI= no"
"19007","19007_20240102","clim_var27_min_19007_20240102","clim_var27","min",NA,NA,"clim_var27","Climate variable 27","dummy unit",NA,NA,"no","no","no","no","no","no","no","no","no","rSUB= no, rDW= no, rSTD= no, rRES= no, rFB= no, DIA= no, GIA= no, RF= no, DI= no"
"19007","19007_20240102","clim_var28_min_19007_20240102","clim_var28","min",NA,NA,"clim_var28","Climate variable 28","dummy unit",NA,NA,"no","no","no","no","no","no","no","no","no","rSUB= no, rDW= no, rSTD= no, rRES= no, rFB= no, DIA= no, GIA= no, RF= no, DI= no"
"19007","19007_20240102","clim_var29_min_19007_20240102","clim_var29","min",NA,NA,"clim_var29","Climate variable 29","dummy unit",NA,NA,"no","no","no","no","no","no","no","no","no","rSUB= no, rDW= no, rSTD= no, rRES= no, rFB= no, DIA= no, GIA= no, RF= no, DI= no"
"19007","19007_20240102","clim_var30_min_19007_20240102","clim_var30","min",NA,NA,"clim_var30","Climate variable 30","dummy unit",NA,NA,"no","no","no","no","no","no","no","no","no","rSUB= no, rDW= no, rSTD= no, rRES= no, rFB= no, DIA= no, GIA= no, RF= no, DI= no"
"19007","19007_20240102","clim_var31_min_19007_20240102","clim_var31","min",NA,NA,"clim_var31","Climate variable 31","dummy unit",NA,NA,"no","no","no","no","no","no","no","no","no","rSUB= no, rDW= no, rSTD= no, rRES= no, rFB= no, DIA= no, GIA= no, RF= no, DI= no"
"19007","19007_20240102","clim_var32_min_19007_20240102","clim_var32","min",NA,NA,"clim_var32","Climate variable 32","dummy unit",NA,NA,"no","no","no","no","no","no","no","no","no","rSUB= no, rDW= no, rSTD= no, rRES= no, rFB= no, DIA= no, GIA= no, RF= no, DI= no"
"19007","19007_20240102","clim_var33_min_19007_20240102","clim_var33","min",NA,NA,"clim_var33","Climate variable 33","dummy unit",NA,NA,"no","no","no","no","no","no","no","no","no","rSUB= no, rDW= no, rSTD= no, rRES= no, rFB= no, DIA= no, GIA= no, RF= no, DI= no"
"19007","19007_20240102","clim_var34_min_19007_20240102","clim_var34","min",NA,NA,"clim_var34","Climate variable 34","dummy unit",NA,NA,"no","no","no","no","no","no","no","no","no","rSUB= no, rDW= no, rSTD= no, rRES= no, rFB= no, DIA= no, GIA= no, RF= no, DI= no"
"19007","19007_20240102","clim_var35_min_19007_20240102","clim_var35","min",NA,NA,"clim_var35","Climate variable 35","dummy unit",NA,NA,"no","no","no","no","no","no","no","no","no","rSUB= no, rDW= no, rSTD= no, rRES= no, rFB= no, DIA= no, GIA= no, RF= no, DI= no"
"19007","19007_20240102","clim_var36_min_19007_20240102","clim_var36","min",NA,NA,"clim_var36","Climate variable 36","dummy unit",NA,NA,"no","no","no","no","no","no","no","no","no","rSUB= no, rDW= no, rSTD= no, rRES= no, rFB= no, DIA= no, GIA= no, RF= no, DI= no"
"19007","19007_20240102","clim_var37_min_19007_20240102","clim_var37","min",NA,NA,"clim_var37","Climate variable 37","dummy unit",NA,NA,"no","no","no","no","no","no","no","no","no","rSUB= no, rDW= no, rSTD= no, rRES= no, rFB= no, DIA= no, GIA= no, RF= no, DI= no"
"19007","19007_20240102","clim_var38_min_19007_20240102","clim_var38","min",NA,NA,"clim_var38","Climate variable 38","dummy unit",NA,NA,"no","no","no","no","no","no","no","no","no","rSUB= no, rDW= no, rSTD= no, rRES= no, rFB= no, DIA= no, GIA= no, RF= no, DI= no"
"19007","19007_20240102","clim_var39_min_19007_20240102","clim_var39","min",NA,NA,"clim_var39","Climate variable 39","dummy unit",NA,NA,"no","no","no","no","no","no","no","no","no","rSUB= no, rDW= no, rSTD= no, rRES= no, rFB= no, DIA= no, GIA= no, RF= no, DI= no"
"19007","19007_20240102","clim_var40_min_19007_20240102","clim_var40","min",NA,NA,"clim_var40","Climate variable 40","dummy unit",NA,NA,"no","no","no","no","no","no","no","no","no","rSUB= no, rDW= no, rSTD= no, rRES= no, rFB= no, DIA= no, GIA= no, RF= no, DI= no"
"19007","19007_20240102","clim_var41_min_19007_20240102","clim_var41","min",NA,NA,"clim_var41","Climate variable 41","dummy unit",NA,NA,"no","no","no","no","no","no","no","no","no","rSUB= no, rDW= no, rSTD= no, rRES= no, rFB= no, DIA= no, GIA= no, RF= no, DI= no"
"19007","19007_20240102","clim_var42_min_19007_20240102","clim_var42","min",NA,NA,"clim_var42","Climate variable 42","dummy unit",NA,NA,"no","no","no","no","no","no","no","no","no","rSUB= no, rDW= no, rSTD= no, rRES= no, rFB= no, DIA= no, GIA= no, RF= no, DI= no"
"19007","19007_20240102","clim_var43_min_19007_20240102","clim_var43","min",NA,NA,"clim_var43","Climate variable 43","dummy unit",NA,NA,"no","no","no","no","no","no","no","no","no","rSUB= no, rDW= no, rSTD= no, rRES= no, rFB= no, DIA= no, GIA= no, RF= no, DI= no"
"19007","19007_20240102","clim_var44_min_19007_20240102","clim_var44","min",NA,NA,"clim_var44","Climate variable 44","dummy unit",NA,NA,"no","no","no","no","no","no","no","no","no","rSUB= no, rDW= no, rSTD= no, rRES= no, rFB= no, DIA= no, GIA= no, RF= no, DI= no"
"19007","19007_20240102","clim_var45_min_19007_20240102","clim_var45","min",NA,NA,"clim_var45","Climate variable 45","dummy unit",NA,NA,"no","no","no","no","no","no","no","no","no","rSUB= no, rDW= no, rSTD= no, rRES= no, rFB= no, DIA= no, GIA= no, RF= no, DI= no"
"19007","19007_20240102","clim_var46_min_19007_20240102","clim_var46","min",NA,NA,"clim_var46","Climate variable 46","dummy unit",NA,NA,"no","no","no","no","no","no","no","no","no","rSUB= no, rDW= no, rSTD= no, rRES= no, rFB= no, DIA= no, GIA= no, RF= no, DI= no"
"19007","19007_20240102","clim_var47_min_19007_20240102","clim_var47","min",NA,NA,"clim_var47","Climate variable 47","dummy unit",NA,NA,"no","no","no","no","no","no","no","no","no","rSUB= no, rDW= no, rSTD= no, rRES= no, rFB= no, DIA= no, GIA= no, RF= no, DI= no"
"19007","19007_20240102","clim_var48_min_19007_20240102","clim_var48","min",NA,NA,"clim_var48","Climate variable 48","dummy unit",NA,NA,"no","no","no","no","no","no","no","no","no","rSUB= no, rDW= no, rSTD= no, rRES= no, rFB= no, DIA= no, GIA= no, RF= no, DI= no"
"19007","19007_20240102","clim_var49_min_19007_20240102","clim_var49","min",NA,NA,"clim_var49","Climate variable 49","dummy unit",NA,NA,"no","no","no","no","no","no","no","no","no","rSUB= no, rDW= no, rSTD= no, rRES= no, rFB= no, DIA= no, GIA= no, RF= no, DI= no"
"19007","19007_20240102","clim_var50_min_19007_20240102","clim_var50","min",NA,NA,"clim_var50","Climate variable 50","dummy unit",NA,NA,"no","no","no","no","no","no","no","no","no","rSUB= no, rDW= no, rSTD= no, rRES= no, rFB= no, DIA= no, GIA= no, RF= no, DI= no"
"19007","19007_20240102","clim_var1_max_19007_20240102","clim_var1","max",NA,NA,"clim_var1","Climate variable 1","dummy unit",NA,NA,"no","no","no","no","no","no","no","no","no","rSUB= no, rDW= no, rSTD= no, rRES= no, rFB= no, DIA= no, GIA= no, RF= no, DI= no"
"19007","19007_20240102","clim_var2_max_19007_20240102","clim_var2","max",NA,NA,"clim_var2","Climate variable 2","dummy unit",NA,NA,"no","no","no","no","no","no","no","no","no","rSUB= no, rDW= no, rSTD= no, rRES= no, rFB= no, DIA= no, GIA= no, RF= no, DI= no"
"19007","19007_20240102","clim_var3_max_19007_20240102","clim_var3","max",NA,NA,"clim_var3","Climate variable 3","dummy unit",NA,NA,"no","no","no","no","no","no","no","no","no","rSUB= no, rDW= no, rSTD= no, rRES= no, rFB= no, DIA= no, GIA= no, RF= no, DI= no"
"19007","19007_20240102","clim_var4_max_19007_20240102","clim_var4","max",NA,NA,"clim_var4","Climate variable 4","dummy unit",NA,NA,"no","no","no","no","no","no","no","no","no","rSUB= no, rDW= no, rSTD= no, rRES= no, rFB= no, DIA= no, GIA= no, RF= no, DI= no"
"19007","19007_20240102","clim_var5_max_19007_20240102","clim_var5","max",NA,NA,"clim_var5","Climate variable 5","dummy unit",NA,NA,"no","no","no","no","no","no","no","no","no","rSUB= no, rDW= no, rSTD= no, rRES= no, rFB= no, DIA= no, GIA= no, RF= no, DI= no"
"19007","19007_20240102","clim_var6_max_19007_20240102","clim_var6","max",NA,NA,"clim_var6","Climate variable 6","dummy unit",NA,NA,"no","no","no","no","no","no","no","no","no","rSUB= no, rDW= no, rSTD= no, rRES= no, rFB= no, DIA= no, GIA= no, RF= no, DI= no"
"19007","19007_20240102","clim_var7_max_19007_20240102","clim_var7","max",NA,NA,"clim_var7","Climate variable 7","dummy unit",NA,NA,"no","no","no","no","no","no","no","no","no","rSUB= no, rDW= no, rSTD= no, rRES= no, rFB= no, DIA= no, GIA= no, RF= no, DI= no"
"19007","19007_20240102","clim_var8_max_19007_20240102","clim_var8","max",NA,NA,"clim_var8","Climate variable 8","dummy unit",NA,NA,"no","no","no","no","no","no","no","no","no","rSUB= no, rDW= no, rSTD= no, rRES= no, rFB= no, DIA= no, GIA= no, RF= no, DI= no"
"19007","19007_20240102","clim_var9_max_19007_20240102","clim_var9","max",NA,NA,"clim_var9","Climate variable 9","dummy unit",NA,NA,"no","no","no","no","no","no","no","no","no","rSUB= no, rDW= no, rSTD= no, rRES= no, rFB= no, DIA= no, GIA= no, RF= no, DI= no"
"19007","19007_20240102","clim_var10_max_19007_20240102","clim_var10","max",NA,NA,"clim_var10","Climate variable 10","dummy unit",NA,NA,"no","no","no","no","no","no","no","no","no","rSUB= no, rDW= no, rSTD= no, rRES= no, rFB= no, DIA= no, GIA= no, RF= no, DI= no"
"19007","19007_20240102","clim_var11_max_19007_20240102","clim_var11","max",NA,NA,"clim_var11","Climate variable 11","dummy unit",NA,NA,"no","no","no","no","no","no","no","no","no","rSUB= no, rDW= no, rSTD= no, rRES= no, rFB= no, DIA= no, GIA= no, RF= no, DI= no"
"19007","19007_20240102","clim_var12_max_19007_20240102","clim_var12","max",NA,NA,"clim_var12","Climate variable 12","dummy unit",NA,NA,"no","no","no","no","no","no","no","no","no","rSUB= no, rDW= no, rSTD= no, rRES= no, rFB= no, DIA= no, GIA= no, RF= no, DI= no"
"19007","19007_20240102","clim_var13_max_19007_20240102","clim_var13","max",NA,NA,"clim_var13","Climate variable 13","dummy unit",NA,NA,"no","no","no","no","no","no","no","no","no","rSUB= no, rDW= no, rSTD= no, rRES= no, rFB= no, DIA= no, GIA= no, RF= no, DI= no"
"19007","19007_20240102","clim_var14_max_19007_20240102","clim_var14","max",NA,NA,"clim_var14","Climate variable 14","dummy unit",NA,NA,"no","no","no","no","no","no","no","no","no","rSUB= no, rDW= no, rSTD= no, rRES= no, rFB= no, DIA= no, GIA= no, RF= no, DI= no"
"19007","19007_20240102","clim_var15_max_19007_20240102","clim_var15","max",NA,NA,"clim_var15","Climate variable 15","dummy unit",NA,NA,"no","no","no","no","no","no","no","no","no","rSUB= no, rDW= no, rSTD= no, rRES= no, rFB= no, DIA= no, GIA= no, RF= no, DI= no"
"19007","19007_20240102","clim_var16_max_19007_20240102","clim_var16","max",NA,NA,"clim_var16","Climate variable 16","dummy unit",NA,NA,"no","no","no","no","no","no","no","no","no","rSUB= no, rDW= no, rSTD= no, rRES= no, rFB= no, DIA= no, GIA= no, RF= no, DI= no"
"19007","19007_20240102","clim_var17_max_19007_20240102","clim_var17","max",NA,NA,"clim_var17","Climate variable 17","dummy unit",NA,NA,"no","no","no","no","no","no","no","no","no","rSUB= no, rDW= no, rSTD= no, rRES= no, rFB= no, DIA= no, GIA= no, RF= no, DI= no"
"19007","19007_20240102","clim_var18_max_19007_20240102","clim_var18","max",NA,NA,"clim_var18","Climate variable 18","dummy unit",NA,NA,"no","no","no","no","no","no","no","no","no","rSUB= no, rDW= no, rSTD= no, rRES= no, rFB= no, DIA= no, GIA= no, RF= no, DI= no"
"19007","19007_20240102","clim_var19_max_19007_20240102","clim_var19","max",NA,NA,"clim_var19","Climate variable 19","dummy unit",NA,NA,"no","no","no","no","no","no","no","no","no","rSUB= no, rDW= no, rSTD= no, rRES= no, rFB= no, DIA= no, GIA= no, RF= no, DI= no"
"19007","19007_20240102","clim_var20_max_19007_20240102","clim_var20","max",NA,NA,"clim_var20","Climate variable 20","dummy unit",NA,NA,"no","no","no","no","no","no","no","no","no","rSUB= no, rDW= no, rSTD= no, rRES= no, rFB= no, DIA= no, GIA= no, RF= no, DI= no"
"19007","19007_20240102","clim_var21_max_19007_20240102","clim_var21","max",NA,NA,"clim_var21","Climate variable 21","dummy unit",NA,NA,"no","no","no","no","no","no","no","no","no","rSUB= no, rDW= no, rSTD= no, rRES= no, rFB= no, DIA= no, GIA= no, RF= no, DI= no"
"19007","19007_20240102","clim_var22_max_19007_20240102","clim_var22","max",NA,NA,"clim_var22","Climate variable 22","dummy unit",NA,NA,"no","no","no","no","no","no","no","no","no","rSUB= no, rDW= no, rSTD= no, rRES= no, rFB= no, DIA= no, GIA= no, RF= no, DI= no"
"19007","19007_20240102","clim_var23_max_19007_20240102","clim_var23","max",NA,NA,"clim_var23","Climate variable 23","dummy unit",NA,NA,"no","no","no","no","no","no","no","no","no","rSUB= no, rDW= no, rSTD= no, rRES= no, rFB= no, DIA= no, GIA= no, RF= no, DI= no"
"19007","19007_20240102","clim_var24_max_19007_20240102","clim_var24","max",NA,NA,"clim_var24","Climate variable 24","dummy unit",NA,NA,"no","no","no","no","no","no","no","no","no","rSUB= no, rDW= no, rSTD= no, rRES= no, rFB= no, DIA= no, GIA= no, RF= no, DI= no"
"19007","19007_20240102","clim_var25_max_19007_20240102","clim_var25","max",NA,NA,"clim_var25","Climate variable 25","dummy unit",NA,NA,"no","no","no","no","no","no","no","no","no","rSUB= no, rDW= no, rSTD= no, rRES= no, rFB= no, DIA= no, GIA= no, RF= no, DI= no"
"19007","19007_20240102","clim_var26_max_19007_20240102","clim_var26","max",NA,NA,"clim_var26","Climate variable 26","dummy unit",NA,NA,"no","no","no","no","no","no","no","no","no","rSUB= no, rDW= no, rSTD= no, rRES= no, rFB= no, DIA= no, GIA= no, RF= no, DI= no"
"19007","19007_20240102","clim_var27_max_19007_20240102","clim_var27","max",NA,NA,"clim_var27","Climate variable 27","dummy unit",NA,NA,"no","no","no","no","no","no","no","no","no","rSUB= no, rDW= no, rSTD= no, rRES= no, rFB= no, DIA= no, GIA= no, RF= no, DI= no"
"19007","19007_20240102","clim_var28_max_19007_20240102","clim_var28","max",NA,NA,"clim_var28","Climate variable 28","dummy unit",NA,NA,"no","no","no","no","no","no","no","no","no","rSUB= no, rDW= no, rSTD= no, rRES= no, rFB= no, DIA= no, GIA= no, RF= no, DI= no"
"19007","19007_20240102","clim_var29_max_19007_20240102","clim_var29","max",NA,NA,"clim_var29","Climate variable 29","dummy unit",NA,NA,"no","no","no","no","no","no","no","no","no","rSUB= no, rDW= no, rSTD= no, rRES= no, rFB= no, DIA= no, GIA= no, RF= no, DI= no"
"19007","19007_20240102","clim_var30_max_19007_20240102","clim_var30","max",NA,NA,"clim_var30","Climate variable 30","dummy unit",NA,NA,"no","no","no","no","no","no","no","no","no","rSUB= no, rDW= no, rSTD= no, rRES= no, rFB= no, DIA= no, GIA= no, RF= no, DI= no"
"19007","19007_20240102","clim_var31_max_19007_20240102","clim_var31","max",NA,NA,"clim_var31","Climate variable 31","dummy unit",NA,NA,"no","no","no","no","no","no","no","no","no","rSUB= no, rDW= no, rSTD= no, rRES= no, rFB= no, DIA= no, GIA= no, RF= no, DI= no"
"19007","19007_20240102","clim_var32_max_19007_20240102","clim_var32","max",NA,NA,"clim_var32","Climate variable 32","dummy unit",NA,NA,"no","no","no","no","no","no","no","no","no","rSUB= no, rDW= no, rSTD= no, rRES= no, rFB= no, DIA= no, GIA= no, RF= no, DI= no"
"19007","19007_20240102","clim_var33_max_19007_20240102","clim_var33","max",NA,NA,"clim_var33","Climate variable 33","dummy unit",NA,NA,"no","no","no","no","no","no","no","no","no","rSUB= no, rDW= no, rSTD= no, rRES= no, rFB= no, DIA= no, GIA= no, RF= no, DI= no"
"19007","19007_20240102","clim_var34_max_19007_20240102","clim_var34","max",NA,NA,"clim_var34","Climate variable 34","dummy unit",NA,NA,"no","no","no","no","no","no","no","no","no","rSUB= no, rDW= no, rSTD= no, rRES= no, rFB= no, DIA= no, GIA= no, RF= no, DI= no"
"19007","19007_20240102","clim_var35_max_19007_20240102","clim_var35","max",NA,NA,"clim_var35","Climate variable 35","dummy unit",NA,NA,"no","no","no","no","no","no","no","no","no","rSUB= no, rDW= no, rSTD= no, rRES= no, rFB= no, DIA= no, GIA= no, RF= no, DI= no"
"19007","19007_20240102","clim_var36_max_19007_20240102","clim_var36","max",NA,NA,"clim_var36","Climate variable 36","dummy unit",NA,NA,"no","no","no","no","no","no","no","no","no","rSUB= no, rDW= no, rSTD= no, rRES= no, rFB= no, DIA= no, GIA= no, RF= no, DI= no"
"19007","19007_20240102","clim_var37_max_19007_20240102","clim_var37","max",NA,NA,"clim_var37","Climate variable 37","dummy unit",NA,NA,"no","no","no","no","no","no","no","no","no","rSUB= no, rDW= no, rSTD= no, rRES= no, rFB= no, DIA= no, GIA= no, RF= no, DI= no"
"19007","19007_20240102","clim_var38_max_19007_20240102","clim_var38","max",NA,NA,"clim_var38","Climate variable 38","dummy unit",NA,NA,"no","no","no","no","no","no","no","no","no","rSUB= no, rDW= no, rSTD= no, rRES= no, rFB= no, DIA= no, GIA= no, RF= no, DI= no"
"19007","19007_20240102","clim_var39_max_19007_20240102","clim_var39","max",NA,NA,"clim_var39","Climate variable 39","dummy unit",NA,NA,"no","no","no","no","no","no","no","no","no","rSUB= no, rDW= no, rSTD= no, rRES= no, rFB= no, DIA= no, GIA= no, RF= no, DI= no"
"19007","19007_20240102","clim_var40_max_19007_20240102","clim_var40","max",NA,NA,"clim_var40","Climate variable 40","dummy unit",NA,NA,"no","no","no","no","no","no","no","no","no","rSUB= no, rDW= no, rSTD= no, rRES= no, rFB= no, DIA= no, GIA= no, RF= no, DI= no"
"19007","19007_20240102","clim_var41_max_19007_20240102","clim_var41","max",NA,NA,"clim_var41","Climate variable 41","dummy unit",NA,NA,"no","no","no","no","no","no","no","no","no","rSUB= no, rDW= no, rSTD= no, rRES= no, rFB= no, DIA= no, GIA= no, RF= no, DI= no"
"19007","19007_20240102","clim_var42_max_19007_20240102","clim_var42","max",NA,NA,"clim_var42","Climate variable 42","dummy unit",NA,NA,"no","no","no","no","no","no","no","no","no","rSUB= no, rDW= no, rSTD= no, rRES= no, rFB= no, DIA= no, GIA= no, RF= no, DI= no"
"19007","19007_20240102","clim_var43_max_19007_20240102","clim_var43","max",NA,NA,"clim_var43","Climate variable 43","dummy unit",NA,NA,"no","no","no","no","no","no","no","no","no","rSUB= no, rDW= no, rSTD= no, rRES= no, rFB= no, DIA= no, GIA= no, RF= no, DI= no"
"19007","19007_20240102","clim_var44_max_19007_20240102","clim_var44","max",NA,NA,"clim_var44","Climate variable 44","dummy unit",NA,NA,"no","no","no","no","no","no","no","no","no","rSUB= no, rDW= no, rSTD= no, rRES= no, rFB= no, DIA= no, GIA= no, RF= no, DI= no"
"19007","19007_20240102","clim_var45_max_19007_20240102","clim_var45","max",NA,NA,"clim_var45","Climate variable 45","dummy unit",NA,NA,"no","no","no","no","no","no","no","no","no","rSUB= no, rDW= no, rSTD= no, rRES= no, rFB= no, DIA= no, GIA= no, RF= no, DI= no"
"19007","19007_20240102","clim_var46_max_19007_20240102","clim_var46","max",NA,NA,"clim_var46","Climate variable 46","dummy unit",NA,NA,"no","no","no","no","no","no","no","no","no","rSUB= no, rDW= no, rSTD= no, rRES= no, rFB= no, DIA= no, GIA= no, RF= no, DI= no"
"19007","19007_20240102","clim_var47_max_19007_20240102","clim_var47","max",NA,NA,"clim_var47","Climate variable 47","dummy unit",NA,NA,"no","no","no","no","no","no","no","no","no","rSUB= no, rDW= no, rSTD= no, rRES= no, rFB= no, DIA= no, GIA= no, RF= no, DI= no"
"19007","19007_20240102","clim_var48_max_19007_20240102","clim_var48","max",NA,NA,"clim_var48","Climate variable 48","dummy unit",NA,NA,"no","no","no","no","no","no","no","no","no","rSUB= no, rDW= no, rSTD= no, rRES= no, rFB= no, DIA= no, GIA= no, RF= no, DI= no"
"19007","19007_20240102","clim_var49_max_19007_20240102","clim_var49","max",NA,NA,"clim_var49","Climate variable 49","dummy unit",NA,NA,"no","no","no","no","no","no","no","no","no","rSUB= no, rDW= no, rSTD= no, rRES= no, rFB= no, DIA= no, GIA= no, RF= no, DI= no"
"19007","19007_20240102","clim_var50_max_19007_20240102","clim_var50","max",NA,NA,"clim_var50","Climate variable 50","dummy unit",NA,NA,"no","no","no","no","no","no","no","no","no","rSUB= no, rDW= no, rSTD= no, rRES= no, rFB= no, DIA= no, GIA= no, RF= no, DI= no"
